Workbook

Sheet README
A1: 7th Grade Math Team - Weekly Check Tracker (DPP 2026-27)
A3: Who touches what
A4: CHECKS, SCORES, RECHECKS, HUDDLE, UNITS: Croix enters. Blue text = you type it.
A5: STUDENTS and CYCLES: formulas only. Do not type there. Screenshot CYCLES for the DPP.
A7: Rules
A8: Student codes only (S01-S25 per section). The name key lives on paper in the binder.
A9: Absent = A (text). Formulas skip text, so an absent student is excluded, not zeroed.
A10: Mastery = 4 or more out of 5 on a weekly check.
A11: A cycle = a check with Retaught = y, plus RECHECKS rows for it. The re-check has 3 items on the retaught benchmark and 2 on the Comparison check's benchmark (a benchmark taught but not retaught).
A12: Net gain = (re-check % - first-check %) on the retaught benchmark, minus the same change on the comparison items. Paired students only (both scores present).
A14: This copy holds SYNTHETIC data for six weeks so you can see the formulas work. Clear SCORES, RECHECKS, HUDDLE, UNITS and CHECKS rows 2+ before real use; keep row 1.
A15: Built for import into Google Sheets (school account). Formulas use only functions Sheets supports.

Sheet CHECKS
A1: Check ID | B1: Date | C1: Benchmark | D1: Backstop (y/n) | E1: Retaught (y/n) | F1: Comparison check ID | G1: Notes
A2: W01 | B2: 46324 | C2: MA.7.NSO.2.1 | D2: n | E2: y
A3: W02 | B3: 46331 | C3: MA.7.AR.1.1 | D3: n | E3: y | F3: W01
A4: W03 | B4: 46338 | C4: MA.7.AR.1.2 | D4: n | E4: y | F4: W02
A5: W04 | B5: 46345 | C5: MA.7.AR.2.1 | D5: n | E5: y | F5: W03
A6: W05 | B6: 46352 | C6: MA.7.AR.3.1 | D6: n | E6: y | F6: W04
A7: W06 | B7: 46359 | C7: MA.7.AR.3.2 | D7: n | E7: y | F7: W05
A8: W07 | B8: 46366 | C8: MA.7.AR.4.1 | D8: n | G8: entered, re-check not yet given
A9: W08 | B9: 46373 | C9: MA.7.AR.4.2 | D9: n | G9: entered, re-check not yet given

Sheet CYCLES
A1: Reteach cycles - the DPP exhibit
A2: One row per check marked Retaught = y. Paired students only. Net gain = gain on the retaught benchmark minus the change on comparison items from a benchmark that was not retaught.
A4: Check ID | B4: Benchmark | C4: n paired | D4: First check % (retaught bm) | E4: Re-check % (3 items) | F4: Gain (pts) | G4: Comparison check | H4: n comp. paired | I4: Comparison first % | J4: Comparison re-check % (2 items) | K4: Comparison change (pts) | L4: Net gain (pts) | M4: Gap at first check (pts) | N4: Gap on unit test (pts) | O4: Mastery % - C | P4: Mastery % - J | Q4: Gap C-J (pts)
A5: {=IFERROR(INDEX(CHECKS!$A$2:$A$2000,SMALL(IF(CHECKS!$E$2:$E$2000="y",ROW(CHECKS!$E$2:$E$2000)-1),1)),"")} -> W01 | B5: =IF(A5="","",INDEX(CHECKS!$C$2:$C$2000,MATCH(A5,CHECKS!$A$2:$A$2000,0))) -> MA.7.NSO.2.1 | C5: =IF(A5="","",SUMIFS(RECHECKS!$G$2:$G$2000,RECHECKS!$C$2:$C$2000,A5)) -> 42 | D5: =IF(OR(A5="",C5=0),"",SUMIFS(RECHECKS!$F$2:$F$2000,RECHECKS!$C$2:$C$2000,A5,RECHECKS!$G$2:$G$2000,1)/(5*C5)) -> 0.58095238 | E5: =IF(OR(A5="",C5=0),"",SUMIFS(RECHECKS!$D$2:$D$2000,RECHECKS!$C$2:$C$2000,A5,RECHECKS!$G$2:$G$2000,1)/(3*C5)) -> 0.82539683 | F5: =IF(D5="","",(E5-D5)*100) -> 24.444444 | G5: =IF(A5="","",INDEX(CHECKS!$F$2:$F$2000,MATCH(A5,CHECKS!$A$2:$A$2000,0))&"") | H5: =IF(OR(A5="",G5=""),"",SUMIFS(RECHECKS!$J$2:$J$2000,RECHECKS!$C$2:$C$2000,A5)) | I5: =IF(OR(H5="",H5=0),"",SUMIFS(RECHECKS!$I$2:$I$2000,RECHECKS!$C$2:$C$2000,A5,RECHECKS!$J$2:$J$2000,1)/(5*H5)) | J5: =IF(OR(H5="",H5=0),"",SUMIFS(RECHECKS!$E$2:$E$2000,RECHECKS!$C$2:$C$2000,A5,RECHECKS!$J$2:$J$2000,1)/(2*H5)) | K5: =IF(I5="","",(J5-I5)*100) | L5: =IF(F5="","",IF(K5="",F5,F5-K5)) -> 24.444444 | M5: =IF(A5="","",(SUMIFS(SCORES!$D$2:$D$2000,SCORES!$C$2:$C$2000,A5)/(5*COUNTIFS(SCORES!$C$2:$C$2000,A5,SCORES!$D$2:$D$2000,">=0"))-SUMIFS(SCORES!$D$2:$D$2000,SCORES!$D$2:$D$2000,">=0")/(5*COUNTIFS(SCORES!$D$2:$D$2000,">=0")))*100) -> 2.0679321 | N5: =IF(B5="","",IFERROR(INDEX(UNITS!$E$2:$E$2000,MATCH(B5,UNITS!$A$2:$A$2000,0)),"")) -> -3 | O5: =IF(A5="","",IFERROR(COUNTIFS(SCORES!$C$2:$C$2000,A5,SCORES!$B$2:$B$2000,"C",SCORES!$D$2:$D$2000,">=4")/COUNTIFS(SCORES!$C$2:$C$2000,A5,SCORES!$B$2:$B$2000,"C",SCORES!$D$2:$D$2000,">=0"),"")) -> 0.38095238 | P5: =IF(A5="","",IFERROR(COUNTIFS(SCORES!$C$2:$C$2000,A5,SCORES!$B$2:$B$2000,"J",SCORES!$D$2:$D$2000,">=4")/COUNTIFS(SCORES!$C$2:$C$2000,A5,SCORES!$B$2:$B$2000,"J",SCORES!$D$2:$D$2000,">=0"),"")) -> 0.34782609 | Q5: =IF(OR(O5="",P5=""),"",(O5-P5)*100) -> 3.3126294
A6: {=IFERROR(INDEX(CHECKS!$A$2:$A$2000,SMALL(IF(CHECKS!$E$2:$E$2000="y",ROW(CHECKS!$E$2:$E$2000)-1),2)),"")} -> W02 | B6: =IF(A6="","",INDEX(CHECKS!$C$2:$C$2000,MATCH(A6,CHECKS!$A$2:$A$2000,0))) -> MA.7.AR.1.1 | C6: =IF(A6="","",SUMIFS(RECHECKS!$G$2:$G$2000,RECHECKS!$C$2:$C$2000,A6)) -> 43 | D6: =IF(OR(A6="",C6=0),"",SUMIFS(RECHECKS!$F$2:$F$2000,RECHECKS!$C$2:$C$2000,A6,RECHECKS!$G$2:$G$2000,1)/(5*C6)) -> 0.51162791 | E6: =IF(OR(A6="",C6=0),"",SUMIFS(RECHECKS!$D$2:$D$2000,RECHECKS!$C$2:$C$2000,A6,RECHECKS!$G$2:$G$2000,1)/(3*C6)) -> 0.73643411 | F6: =IF(D6="","",(E6-D6)*100) -> 22.48062 | G6: =IF(A6="","",INDEX(CHECKS!$F$2:$F$2000,MATCH(A6,CHECKS!$A$2:$A$2000,0))&"") -> W01 | H6: =IF(OR(A6="",G6=""),"",SUMIFS(RECHECKS!$J$2:$J$2000,RECHECKS!$C$2:$C$2000,A6)) -> 42 | I6: =IF(OR(H6="",H6=0),"",SUMIFS(RECHECKS!$I$2:$I$2000,RECHECKS!$C$2:$C$2000,A6,RECHECKS!$J$2:$J$2000,1)/(5*H6)) -> 0.55714286 | J6: =IF(OR(H6="",H6=0),"",SUMIFS(RECHECKS!$E$2:$E$2000,RECHECKS!$C$2:$C$2000,A6,RECHECKS!$J$2:$J$2000,1)/(2*H6)) -> 0.60714286 | K6: =IF(I6="","",(J6-I6)*100) -> 5 | L6: =IF(F6="","",IF(K6="",F6,F6-K6)) -> 17.48062 | M6: =IF(A6="","",(SUMIFS(SCORES!$D$2:$D$2000,SCORES!$C$2:$C$2000,A6)/(5*COUNTIFS(SCORES!$C$2:$C$2000,A6,SCORES!$D$2:$D$2000,">=0"))-SUMIFS(SCORES!$D$2:$D$2000,SCORES!$D$2:$D$2000,">=0")/(5*COUNTIFS(SCORES!$D$2:$D$2000,">=0")))*100) -> -2.7704518 | N6: =IF(B6="","",IFERROR(INDEX(UNITS!$E$2:$E$2000,MATCH(B6,UNITS!$A$2:$A$2000,0)),"")) -> -8 | O6: =IF(A6="","",IFERROR(COUNTIFS(SCORES!$C$2:$C$2000,A6,SCORES!$B$2:$B$2000,"C",SCORES!$D$2:$D$2000,">=4")/COUNTIFS(SCORES!$C$2:$C$2000,A6,SCORES!$B$2:$B$2000,"C",SCORES!$D$2:$D$2000,">=0"),"")) -> 0.31818182 | P6: =IF(A6="","",IFERROR(COUNTIFS(SCORES!$C$2:$C$2000,A6,SCORES!$B$2:$B$2000,"J",SCORES!$D$2:$D$2000,">=4")/COUNTIFS(SCORES!$C$2:$C$2000,A6,SCORES!$B$2:$B$2000,"J",SCORES!$D$2:$D$2000,">=0"),"")) -> 0.30434783 | Q6: =IF(OR(O6="",P6=""),"",(O6-P6)*100) -> 1.3833992
A7: {=IFERROR(INDEX(CHECKS!$A$2:$A$2000,SMALL(IF(CHECKS!$E$2:$E$2000="y",ROW(CHECKS!$E$2:$E$2000)-1),3)),"")} -> W03 | B7: =IF(A7="","",INDEX(CHECKS!$C$2:$C$2000,MATCH(A7,CHECKS!$A$2:$A$2000,0))) -> MA.7.AR.1.2 | C7: =IF(A7="","",SUMIFS(RECHECKS!$G$2:$G$2000,RECHECKS!$C$2:$C$2000,A7)) -> 42 | D7: =IF(OR(A7="",C7=0),"",SUMIFS(RECHECKS!$F$2:$F$2000,RECHECKS!$C$2:$C$2000,A7,RECHECKS!$G$2:$G$2000,1)/(5*C7)) -> 0.66190476 | E7: =IF(OR(A7="",C7=0),"",SUMIFS(RECHECKS!$D$2:$D$2000,RECHECKS!$C$2:$C$2000,A7,RECHECKS!$G$2:$G$2000,1)/(3*C7)) -> 0.84126984 | F7: =IF(D7="","",(E7-D7)*100) -> 17.936508 | G7: =IF(A7="","",INDEX(CHECKS!$F$2:$F$2000,MATCH(A7,CHECKS!$A$2:$A$2000,0))&"") -> W02 | H7: =IF(OR(A7="",G7=""),"",SUMIFS(RECHECKS!$J$2:$J$2000,RECHECKS!$C$2:$C$2000,A7)) -> 40 | I7: =IF(OR(H7="",H7=0),"",SUMIFS(RECHECKS!$I$2:$I$2000,RECHECKS!$C$2:$C$2000,A7,RECHECKS!$J$2:$J$2000,1)/(5*H7)) -> 0.5 | J7: =IF(OR(H7="",H7=0),"",SUMIFS(RECHECKS!$E$2:$E$2000,RECHECKS!$C$2:$C$2000,A7,RECHECKS!$J$2:$J$2000,1)/(2*H7)) -> 0.4875 | K7: =IF(I7="","",(J7-I7)*100) -> -1.25 | L7: =IF(F7="","",IF(K7="",F7,F7-K7)) -> 19.186508 | M7: =IF(A7="","",(SUMIFS(SCORES!$D$2:$D$2000,SCORES!$C$2:$C$2000,A7)/(5*COUNTIFS(SCORES!$C$2:$C$2000,A7,SCORES!$D$2:$D$2000,">=0"))-SUMIFS(SCORES!$D$2:$D$2000,SCORES!$D$2:$D$2000,">=0")/(5*COUNTIFS(SCORES!$D$2:$D$2000,">=0")))*100) -> 7.6739927 | N7: =IF(B7="","",IFERROR(INDEX(UNITS!$E$2:$E$2000,MATCH(B7,UNITS!$A$2:$A$2000,0)),"")) -> -3 | O7: =IF(A7="","",IFERROR(COUNTIFS(SCORES!$C$2:$C$2000,A7,SCORES!$B$2:$B$2000,"C",SCORES!$D$2:$D$2000,">=4")/COUNTIFS(SCORES!$C$2:$C$2000,A7,SCORES!$B$2:$B$2000,"C",SCORES!$D$2:$D$2000,">=0"),"")) -> 0.41666667 | P7: =IF(A7="","",IFERROR(COUNTIFS(SCORES!$C$2:$C$2000,A7,SCORES!$B$2:$B$2000,"J",SCORES!$D$2:$D$2000,">=4")/COUNTIFS(SCORES!$C$2:$C$2000,A7,SCORES!$B$2:$B$2000,"J",SCORES!$D$2:$D$2000,">=0"),"")) -> 0.375 | Q7: =IF(OR(O7="",P7=""),"",(O7-P7)*100) -> 4.1666667
A8: {=IFERROR(INDEX(CHECKS!$A$2:$A$2000,SMALL(IF(CHECKS!$E$2:$E$2000="y",ROW(CHECKS!$E$2:$E$2000)-1),4)),"")} -> W04 | B8: =IF(A8="","",INDEX(CHECKS!$C$2:$C$2000,MATCH(A8,CHECKS!$A$2:$A$2000,0))) -> MA.7.AR.2.1 | C8: =IF(A8="","",SUMIFS(RECHECKS!$G$2:$G$2000,RECHECKS!$C$2:$C$2000,A8)) -> 45 | D8: =IF(OR(A8="",C8=0),"",SUMIFS(RECHECKS!$F$2:$F$2000,RECHECKS!$C$2:$C$2000,A8,RECHECKS!$G$2:$G$2000,1)/(5*C8)) -> 0.47111111 | E8: =IF(OR(A8="",C8=0),"",SUMIFS(RECHECKS!$D$2:$D$2000,RECHECKS!$C$2:$C$2000,A8,RECHECKS!$G$2:$G$2000,1)/(3*C8)) -> 0.61481481 | F8: =IF(D8="","",(E8-D8)*100) -> 14.37037 | G8: =IF(A8="","",INDEX(CHECKS!$F$2:$F$2000,MATCH(A8,CHECKS!$A$2:$A$2000,0))&"") -> W03 | H8: =IF(OR(A8="",G8=""),"",SUMIFS(RECHECKS!$J$2:$J$2000,RECHECKS!$C$2:$C$2000,A8)) -> 45 | I8: =IF(OR(H8="",H8=0),"",SUMIFS(RECHECKS!$I$2:$I$2000,RECHECKS!$C$2:$C$2000,A8,RECHECKS!$J$2:$J$2000,1)/(5*H8)) -> 0.63555556 | J8: =IF(OR(H8="",H8=0),"",SUMIFS(RECHECKS!$E$2:$E$2000,RECHECKS!$C$2:$C$2000,A8,RECHECKS!$J$2:$J$2000,1)/(2*H8)) -> 0.71111111 | K8: =IF(I8="","",(J8-I8)*100) -> 7.5555556 | L8: =IF(F8="","",IF(K8="",F8,F8-K8)) -> 6.8148148 | M8: =IF(A8="","",(SUMIFS(SCORES!$D$2:$D$2000,SCORES!$C$2:$C$2000,A8)/(5*COUNTIFS(SCORES!$C$2:$C$2000,A8,SCORES!$D$2:$D$2000,">=0"))-SUMIFS(SCORES!$D$2:$D$2000,SCORES!$D$2:$D$2000,">=0")/(5*COUNTIFS(SCORES!$D$2:$D$2000,">=0")))*100) -> -7.3260073 | N8: =IF(B8="","",IFERROR(INDEX(UNITS!$E$2:$E$2000,MATCH(B8,UNITS!$A$2:$A$2000,0)),"")) -> -10 | O8: =IF(A8="","",IFERROR(COUNTIFS(SCORES!$C$2:$C$2000,A8,SCORES!$B$2:$B$2000,"C",SCORES!$D$2:$D$2000,">=4")/COUNTIFS(SCORES!$C$2:$C$2000,A8,SCORES!$B$2:$B$2000,"C",SCORES!$D$2:$D$2000,">=0"),"")) -> 0.17391304 | P8: =IF(A8="","",IFERROR(COUNTIFS(SCORES!$C$2:$C$2000,A8,SCORES!$B$2:$B$2000,"J",SCORES!$D$2:$D$2000,">=4")/COUNTIFS(SCORES!$C$2:$C$2000,A8,SCORES!$B$2:$B$2000,"J",SCORES!$D$2:$D$2000,">=0"),"")) -> 0.16 | Q8: =IF(OR(O8="",P8=""),"",(O8-P8)*100) -> 1.3913043
A9: {=IFERROR(INDEX(CHECKS!$A$2:$A$2000,SMALL(IF(CHECKS!$E$2:$E$2000="y",ROW(CHECKS!$E$2:$E$2000)-1),5)),"")} -> W05 | B9: =IF(A9="","",INDEX(CHECKS!$C$2:$C$2000,MATCH(A9,CHECKS!$A$2:$A$2000,0))) -> MA.7.AR.3.1 | C9: =IF(A9="","",SUMIFS(RECHECKS!$G$2:$G$2000,RECHECKS!$C$2:$C$2000,A9)) -> 44 | D9: =IF(OR(A9="",C9=0),"",SUMIFS(RECHECKS!$F$2:$F$2000,RECHECKS!$C$2:$C$2000,A9,RECHECKS!$G$2:$G$2000,1)/(5*C9)) -> 0.61363636 | E9: =IF(OR(A9="",C9=0),"",SUMIFS(RECHECKS!$D$2:$D$2000,RECHECKS!$C$2:$C$2000,A9,RECHECKS!$G$2:$G$2000,1)/(3*C9)) -> 0.74242424 | F9: =IF(D9="","",(E9-D9)*100) -> 12.878788 | G9: =IF(A9="","",INDEX(CHECKS!$F$2:$F$2000,MATCH(A9,CHECKS!$A$2:$A$2000,0))&"") -> W04 | H9: =IF(OR(A9="",G9=""),"",SUMIFS(RECHECKS!$J$2:$J$2000,RECHECKS!$C$2:$C$2000,A9)) -> 47 | I9: =IF(OR(H9="",H9=0),"",SUMIFS(RECHECKS!$I$2:$I$2000,RECHECKS!$C$2:$C$2000,A9,RECHECKS!$J$2:$J$2000,1)/(5*H9)) -> 0.48085106 | J9: =IF(OR(H9="",H9=0),"",SUMIFS(RECHECKS!$E$2:$E$2000,RECHECKS!$C$2:$C$2000,A9,RECHECKS!$J$2:$J$2000,1)/(2*H9)) -> 0.42553191 | K9: =IF(I9="","",(J9-I9)*100) -> -5.5319149 | L9: =IF(F9="","",IF(K9="",F9,F9-K9)) -> 18.410703 | M9: =IF(A9="","",(SUMIFS(SCORES!$D$2:$D$2000,SCORES!$C$2:$C$2000,A9)/(5*COUNTIFS(SCORES!$C$2:$C$2000,A9,SCORES!$D$2:$D$2000,">=0"))-SUMIFS(SCORES!$D$2:$D$2000,SCORES!$D$2:$D$2000,">=0")/(5*COUNTIFS(SCORES!$D$2:$D$2000,">=0")))*100) -> 5.6450072 | N9: =IF(B9="","",IFERROR(INDEX(UNITS!$E$2:$E$2000,MATCH(B9,UNITS!$A$2:$A$2000,0)),"")) | O9: =IF(A9="","",IFERROR(COUNTIFS(SCORES!$C$2:$C$2000,A9,SCORES!$B$2:$B$2000,"C",SCORES!$D$2:$D$2000,">=4")/COUNTIFS(SCORES!$C$2:$C$2000,A9,SCORES!$B$2:$B$2000,"C",SCORES!$D$2:$D$2000,">=0"),"")) -> 0.39130435 | P9: =IF(A9="","",IFERROR(COUNTIFS(SCORES!$C$2:$C$2000,A9,SCORES!$B$2:$B$2000,"J",SCORES!$D$2:$D$2000,">=4")/COUNTIFS(SCORES!$C$2:$C$2000,A9,SCORES!$B$2:$B$2000,"J",SCORES!$D$2:$D$2000,">=0"),"")) -> 0.30434783 | Q9: =IF(OR(O9="",P9=""),"",(O9-P9)*100) -> 8.6956522
A10: {=IFERROR(INDEX(CHECKS!$A$2:$A$2000,SMALL(IF(CHECKS!$E$2:$E$2000="y",ROW(CHECKS!$E$2:$E$2000)-1),6)),"")} -> W06 | B10: =IF(A10="","",INDEX(CHECKS!$C$2:$C$2000,MATCH(A10,CHECKS!$A$2:$A$2000,0))) -> MA.7.AR.3.2 | C10: =IF(A10="","",SUMIFS(RECHECKS!$G$2:$G$2000,RECHECKS!$C$2:$C$2000,A10)) -> 40 | D10: =IF(OR(A10="",C10=0),"",SUMIFS(RECHECKS!$F$2:$F$2000,RECHECKS!$C$2:$C$2000,A10,RECHECKS!$G$2:$G$2000,1)/(5*C10)) -> 0.51 | E10: =IF(OR(A10="",C10=0),"",SUMIFS(RECHECKS!$D$2:$D$2000,RECHECKS!$C$2:$C$2000,A10,RECHECKS!$G$2:$G$2000,1)/(3*C10)) -> 0.80833333 | F10: =IF(D10="","",(E10-D10)*100) -> 29.833333 | G10: =IF(A10="","",INDEX(CHECKS!$F$2:$F$2000,MATCH(A10,CHECKS!$A$2:$A$2000,0))&"") -> W05 | H10: =IF(OR(A10="",G10=""),"",SUMIFS(RECHECKS!$J$2:$J$2000,RECHECKS!$C$2:$C$2000,A10)) -> 42 | I10: =IF(OR(H10="",H10=0),"",SUMIFS(RECHECKS!$I$2:$I$2000,RECHECKS!$C$2:$C$2000,A10,RECHECKS!$J$2:$J$2000,1)/(5*H10)) -> 0.63333333 | J10: =IF(OR(H10="",H10=0),"",SUMIFS(RECHECKS!$E$2:$E$2000,RECHECKS!$C$2:$C$2000,A10,RECHECKS!$J$2:$J$2000,1)/(2*H10)) -> 0.45238095 | K10: =IF(I10="","",(J10-I10)*100) -> -18.095238 | L10: =IF(F10="","",IF(K10="",F10,F10-K10)) -> 47.928571 | M10: =IF(A10="","",(SUMIFS(SCORES!$D$2:$D$2000,SCORES!$C$2:$C$2000,A10)/(5*COUNTIFS(SCORES!$C$2:$C$2000,A10,SCORES!$D$2:$D$2000,">=0"))-SUMIFS(SCORES!$D$2:$D$2000,SCORES!$D$2:$D$2000,">=0")/(5*COUNTIFS(SCORES!$D$2:$D$2000,">=0")))*100) -> -7.9320679 | N10: =IF(B10="","",IFERROR(INDEX(UNITS!$E$2:$E$2000,MATCH(B10,UNITS!$A$2:$A$2000,0)),"")) | O10: =IF(A10="","",IFERROR(COUNTIFS(SCORES!$C$2:$C$2000,A10,SCORES!$B$2:$B$2000,"C",SCORES!$D$2:$D$2000,">=4")/COUNTIFS(SCORES!$C$2:$C$2000,A10,SCORES!$B$2:$B$2000,"C",SCORES!$D$2:$D$2000,">=0"),"")) -> 0.26086957 | P10: =IF(A10="","",IFERROR(COUNTIFS(SCORES!$C$2:$C$2000,A10,SCORES!$B$2:$B$2000,"J",SCORES!$D$2:$D$2000,">=4")/COUNTIFS(SCORES!$C$2:$C$2000,A10,SCORES!$B$2:$B$2000,"J",SCORES!$D$2:$D$2000,">=0"),"")) -> 0.19047619 | Q10: =IF(OR(O10="",P10=""),"",(O10-P10)*100) -> 7.0393375
A11: {=IFERROR(INDEX(CHECKS!$A$2:$A$2000,SMALL(IF(CHECKS!$E$2:$E$2000="y",ROW(CHECKS!$E$2:$E$2000)-1),7)),"")} | B11: =IF(A11="","",INDEX(CHECKS!$C$2:$C$2000,MATCH(A11,CHECKS!$A$2:$A$2000,0))) | C11: =IF(A11="","",SUMIFS(RECHECKS!$G$2:$G$2000,RECHECKS!$C$2:$C$2000,A11)) | D11: =IF(OR(A11="",C11=0),"",SUMIFS(RECHECKS!$F$2:$F$2000,RECHECKS!$C$2:$C$2000,A11,RECHECKS!$G$2:$G$2000,1)/(5*C11)) | E11: =IF(OR(A11="",C11=0),"",SUMIFS(RECHECKS!$D$2:$D$2000,RECHECKS!$C$2:$C$2000,A11,RECHECKS!$G$2:$G$2000,1)/(3*C11)) | F11: =IF(D11="","",(E11-D11)*100) | G11: =IF(A11="","",INDEX(CHECKS!$F$2:$F$2000,MATCH(A11,CHECKS!$A$2:$A$2000,0))&"") | H11: =IF(OR(A11="",G11=""),"",SUMIFS(RECHECKS!$J$2:$J$2000,RECHECKS!$C$2:$C$2000,A11)) | I11: =IF(OR(H11="",H11=0),"",SUMIFS(RECHECKS!$I$2:$I$2000,RECHECKS!$C$2:$C$2000,A11,RECHECKS!$J$2:$J$2000,1)/(5*H11)) | J11: =IF(OR(H11="",H11=0),"",SUMIFS(RECHECKS!$E$2:$E$2000,RECHECKS!$C$2:$C$2000,A11,RECHECKS!$J$2:$J$2000,1)/(2*H11)) | K11: =IF(I11="","",(J11-I11)*100) | L11: =IF(F11="","",IF(K11="",F11,F11-K11)) | M11: =IF(A11="","",(SUMIFS(SCORES!$D$2:$D$2000,SCORES!$C$2:$C$2000,A11)/(5*COUNTIFS(SCORES!$C$2:$C$2000,A11,SCORES!$D$2:$D$2000,">=0"))-SUMIFS(SCORES!$D$2:$D$2000,SCORES!$D$2:$D$2000,">=0")/(5*COUNTIFS(SCORES!$D$2:$D$2000,">=0")))*100) | N11: =IF(B11="","",IFERROR(INDEX(UNITS!$E$2:$E$2000,MATCH(B11,UNITS!$A$2:$A$2000,0)),"")) | O11: =IF(A11="","",IFERROR(COUNTIFS(SCORES!$C$2:$C$2000,A11,SCORES!$B$2:$B$2000,"C",SCORES!$D$2:$D$2000,">=4")/COUNTIFS(SCORES!$C$2:$C$2000,A11,SCORES!$B$2:$B$2000,"C",SCORES!$D$2:$D$2000,">=0"),"")) | P11: =IF(A11="","",IFERROR(COUNTIFS(SCORES!$C$2:$C$2000,A11,SCORES!$B$2:$B$2000,"J",SCORES!$D$2:$D$2000,">=4")/COUNTIFS(SCORES!$C$2:$C$2000,A11,SCORES!$B$2:$B$2000,"J",SCORES!$D$2:$D$2000,">=0"),"")) | Q11: =IF(OR(O11="",P11=""),"",(O11-P11)*100)
A12: {=IFERROR(INDEX(CHECKS!$A$2:$A$2000,SMALL(IF(CHECKS!$E$2:$E$2000="y",ROW(CHECKS!$E$2:$E$2000)-1),8)),"")} | B12: =IF(A12="","",INDEX(CHECKS!$C$2:$C$2000,MATCH(A12,CHECKS!$A$2:$A$2000,0))) | C12: =IF(A12="","",SUMIFS(RECHECKS!$G$2:$G$2000,RECHECKS!$C$2:$C$2000,A12)) | D12: =IF(OR(A12="",C12=0),"",SUMIFS(RECHECKS!$F$2:$F$2000,RECHECKS!$C$2:$C$2000,A12,RECHECKS!$G$2:$G$2000,1)/(5*C12)) | E12: =IF(OR(A12="",C12=0),"",SUMIFS(RECHECKS!$D$2:$D$2000,RECHECKS!$C$2:$C$2000,A12,RECHECKS!$G$2:$G$2000,1)/(3*C12)) | F12: =IF(D12="","",(E12-D12)*100) | G12: =IF(A12="","",INDEX(CHECKS!$F$2:$F$2000,MATCH(A12,CHECKS!$A$2:$A$2000,0))&"") | H12: =IF(OR(A12="",G12=""),"",SUMIFS(RECHECKS!$J$2:$J$2000,RECHECKS!$C$2:$C$2000,A12)) | I12: =IF(OR(H12="",H12=0),"",SUMIFS(RECHECKS!$I$2:$I$2000,RECHECKS!$C$2:$C$2000,A12,RECHECKS!$J$2:$J$2000,1)/(5*H12)) | J12: =IF(OR(H12="",H12=0),"",SUMIFS(RECHECKS!$E$2:$E$2000,RECHECKS!$C$2:$C$2000,A12,RECHECKS!$J$2:$J$2000,1)/(2*H12)) | K12: =IF(I12="","",(J12-I12)*100) | L12: =IF(F12="","",IF(K12="",F12,F12-K12)) | M12: =IF(A12="","",(SUMIFS(SCORES!$D$2:$D$2000,SCORES!$C$2:$C$2000,A12)/(5*COUNTIFS(SCORES!$C$2:$C$2000,A12,SCORES!$D$2:$D$2000,">=0"))-SUMIFS(SCORES!$D$2:$D$2000,SCORES!$D$2:$D$2000,">=0")/(5*COUNTIFS(SCORES!$D$2:$D$2000,">=0")))*100) | N12: =IF(B12="","",IFERROR(INDEX(UNITS!$E$2:$E$2000,MATCH(B12,UNITS!$A$2:$A$2000,0)),"")) | O12: =IF(A12="","",IFERROR(COUNTIFS(SCORES!$C$2:$C$2000,A12,SCORES!$B$2:$B$2000,"C",SCORES!$D$2:$D$2000,">=4")/COUNTIFS(SCORES!$C$2:$C$2000,A12,SCORES!$B$2:$B$2000,"C",SCORES!$D$2:$D$2000,">=0"),"")) | P12: =IF(A12="","",IFERROR(COUNTIFS(SCORES!$C$2:$C$2000,A12,SCORES!$B$2:$B$2000,"J",SCORES!$D$2:$D$2000,">=4")/COUNTIFS(SCORES!$C$2:$C$2000,A12,SCORES!$B$2:$B$2000,"J",SCORES!$D$2:$D$2000,">=0"),"")) | Q12: =IF(OR(O12="",P12=""),"",(O12-P12)*100)
A13: {=IFERROR(INDEX(CHECKS!$A$2:$A$2000,SMALL(IF(CHECKS!$E$2:$E$2000="y",ROW(CHECKS!$E$2:$E$2000)-1),9)),"")} | B13: =IF(A13="","",INDEX(CHECKS!$C$2:$C$2000,MATCH(A13,CHECKS!$A$2:$A$2000,0))) | C13: =IF(A13="","",SUMIFS(RECHECKS!$G$2:$G$2000,RECHECKS!$C$2:$C$2000,A13)) | D13: =IF(OR(A13="",C13=0),"",SUMIFS(RECHECKS!$F$2:$F$2000,RECHECKS!$C$2:$C$2000,A13,RECHECKS!$G$2:$G$2000,1)/(5*C13)) | E13: =IF(OR(A13="",C13=0),"",SUMIFS(RECHECKS!$D$2:$D$2000,RECHECKS!$C$2:$C$2000,A13,RECHECKS!$G$2:$G$2000,1)/(3*C13)) | F13: =IF(D13="","",(E13-D13)*100) | G13: =IF(A13="","",INDEX(CHECKS!$F$2:$F$2000,MATCH(A13,CHECKS!$A$2:$A$2000,0))&"") | H13: =IF(OR(A13="",G13=""),"",SUMIFS(RECHECKS!$J$2:$J$2000,RECHECKS!$C$2:$C$2000,A13)) | I13: =IF(OR(H13="",H13=0),"",SUMIFS(RECHECKS!$I$2:$I$2000,RECHECKS!$C$2:$C$2000,A13,RECHECKS!$J$2:$J$2000,1)/(5*H13)) | J13: =IF(OR(H13="",H13=0),"",SUMIFS(RECHECKS!$E$2:$E$2000,RECHECKS!$C$2:$C$2000,A13,RECHECKS!$J$2:$J$2000,1)/(2*H13)) | K13: =IF(I13="","",(J13-I13)*100) | L13: =IF(F13="","",IF(K13="",F13,F13-K13)) | M13: =IF(A13="","",(SUMIFS(SCORES!$D$2:$D$2000,SCORES!$C$2:$C$2000,A13)/(5*COUNTIFS(SCORES!$C$2:$C$2000,A13,SCORES!$D$2:$D$2000,">=0"))-SUMIFS(SCORES!$D$2:$D$2000,SCORES!$D$2:$D$2000,">=0")/(5*COUNTIFS(SCORES!$D$2:$D$2000,">=0")))*100) | N13: =IF(B13="","",IFERROR(INDEX(UNITS!$E$2:$E$2000,MATCH(B13,UNITS!$A$2:$A$2000,0)),"")) | O13: =IF(A13="","",IFERROR(COUNTIFS(SCORES!$C$2:$C$2000,A13,SCORES!$B$2:$B$2000,"C",SCORES!$D$2:$D$2000,">=4")/COUNTIFS(SCORES!$C$2:$C$2000,A13,SCORES!$B$2:$B$2000,"C",SCORES!$D$2:$D$2000,">=0"),"")) | P13: =IF(A13="","",IFERROR(COUNTIFS(SCORES!$C$2:$C$2000,A13,SCORES!$B$2:$B$2000,"J",SCORES!$D$2:$D$2000,">=4")/COUNTIFS(SCORES!$C$2:$C$2000,A13,SCORES!$B$2:$B$2000,"J",SCORES!$D$2:$D$2000,">=0"),"")) | Q13: =IF(OR(O13="",P13=""),"",(O13-P13)*100)
A14: {=IFERROR(INDEX(CHECKS!$A$2:$A$2000,SMALL(IF(CHECKS!$E$2:$E$2000="y",ROW(CHECKS!$E$2:$E$2000)-1),10)),"")} | B14: =IF(A14="","",INDEX(CHECKS!$C$2:$C$2000,MATCH(A14,CHECKS!$A$2:$A$2000,0))) | C14: =IF(A14="","",SUMIFS(RECHECKS!$G$2:$G$2000,RECHECKS!$C$2:$C$2000,A14)) | D14: =IF(OR(A14="",C14=0),"",SUMIFS(RECHECKS!$F$2:$F$2000,RECHECKS!$C$2:$C$2000,A14,RECHECKS!$G$2:$G$2000,1)/(5*C14)) | E14: =IF(OR(A14="",C14=0),"",SUMIFS(RECHECKS!$D$2:$D$2000,RECHECKS!$C$2:$C$2000,A14,RECHECKS!$G$2:$G$2000,1)/(3*C14)) | F14: =IF(D14="","",(E14-D14)*100) | G14: =IF(A14="","",INDEX(CHECKS!$F$2:$F$2000,MATCH(A14,CHECKS!$A$2:$A$2000,0))&"") | H14: =IF(OR(A14="",G14=""),"",SUMIFS(RECHECKS!$J$2:$J$2000,RECHECKS!$C$2:$C$2000,A14)) | I14: =IF(OR(H14="",H14=0),"",SUMIFS(RECHECKS!$I$2:$I$2000,RECHECKS!$C$2:$C$2000,A14,RECHECKS!$J$2:$J$2000,1)/(5*H14)) | J14: =IF(OR(H14="",H14=0),"",SUMIFS(RECHECKS!$E$2:$E$2000,RECHECKS!$C$2:$C$2000,A14,RECHECKS!$J$2:$J$2000,1)/(2*H14)) | K14: =IF(I14="","",(J14-I14)*100) | L14: =IF(F14="","",IF(K14="",F14,F14-K14)) | M14: =IF(A14="","",(SUMIFS(SCORES!$D$2:$D$2000,SCORES!$C$2:$C$2000,A14)/(5*COUNTIFS(SCORES!$C$2:$C$2000,A14,SCORES!$D$2:$D$2000,">=0"))-SUMIFS(SCORES!$D$2:$D$2000,SCORES!$D$2:$D$2000,">=0")/(5*COUNTIFS(SCORES!$D$2:$D$2000,">=0")))*100) | N14: =IF(B14="","",IFERROR(INDEX(UNITS!$E$2:$E$2000,MATCH(B14,UNITS!$A$2:$A$2000,0)),"")) | O14: =IF(A14="","",IFERROR(COUNTIFS(SCORES!$C$2:$C$2000,A14,SCORES!$B$2:$B$2000,"C",SCORES!$D$2:$D$2000,">=4")/COUNTIFS(SCORES!$C$2:$C$2000,A14,SCORES!$B$2:$B$2000,"C",SCORES!$D$2:$D$2000,">=0"),"")) | P14: =IF(A14="","",IFERROR(COUNTIFS(SCORES!$C$2:$C$2000,A14,SCORES!$B$2:$B$2000,"J",SCORES!$D$2:$D$2000,">=4")/COUNTIFS(SCORES!$C$2:$C$2000,A14,SCORES!$B$2:$B$2000,"J",SCORES!$D$2:$D$2000,">=0"),"")) | Q14: =IF(OR(O14="",P14=""),"",(O14-P14)*100)
A15: {=IFERROR(INDEX(CHECKS!$A$2:$A$2000,SMALL(IF(CHECKS!$E$2:$E$2000="y",ROW(CHECKS!$E$2:$E$2000)-1),11)),"")} | B15: =IF(A15="","",INDEX(CHECKS!$C$2:$C$2000,MATCH(A15,CHECKS!$A$2:$A$2000,0))) | C15: =IF(A15="","",SUMIFS(RECHECKS!$G$2:$G$2000,RECHECKS!$C$2:$C$2000,A15)) | D15: =IF(OR(A15="",C15=0),"",SUMIFS(RECHECKS!$F$2:$F$2000,RECHECKS!$C$2:$C$2000,A15,RECHECKS!$G$2:$G$2000,1)/(5*C15)) | E15: =IF(OR(A15="",C15=0),"",SUMIFS(RECHECKS!$D$2:$D$2000,RECHECKS!$C$2:$C$2000,A15,RECHECKS!$G$2:$G$2000,1)/(3*C15)) | F15: =IF(D15="","",(E15-D15)*100) | G15: =IF(A15="","",INDEX(CHECKS!$F$2:$F$2000,MATCH(A15,CHECKS!$A$2:$A$2000,0))&"") | H15: =IF(OR(A15="",G15=""),"",SUMIFS(RECHECKS!$J$2:$J$2000,RECHECKS!$C$2:$C$2000,A15)) | I15: =IF(OR(H15="",H15=0),"",SUMIFS(RECHECKS!$I$2:$I$2000,RECHECKS!$C$2:$C$2000,A15,RECHECKS!$J$2:$J$2000,1)/(5*H15)) | J15: =IF(OR(H15="",H15=0),"",SUMIFS(RECHECKS!$E$2:$E$2000,RECHECKS!$C$2:$C$2000,A15,RECHECKS!$J$2:$J$2000,1)/(2*H15)) | K15: =IF(I15="","",(J15-I15)*100) | L15: =IF(F15="","",IF(K15="",F15,F15-K15)) | M15: =IF(A15="","",(SUMIFS(SCORES!$D$2:$D$2000,SCORES!$C$2:$C$2000,A15)/(5*COUNTIFS(SCORES!$C$2:$C$2000,A15,SCORES!$D$2:$D$2000,">=0"))-SUMIFS(SCORES!$D$2:$D$2000,SCORES!$D$2:$D$2000,">=0")/(5*COUNTIFS(SCORES!$D$2:$D$2000,">=0")))*100) | N15: =IF(B15="","",IFERROR(INDEX(UNITS!$E$2:$E$2000,MATCH(B15,UNITS!$A$2:$A$2000,0)),"")) | O15: =IF(A15="","",IFERROR(COUNTIFS(SCORES!$C$2:$C$2000,A15,SCORES!$B$2:$B$2000,"C",SCORES!$D$2:$D$2000,">=4")/COUNTIFS(SCORES!$C$2:$C$2000,A15,SCORES!$B$2:$B$2000,"C",SCORES!$D$2:$D$2000,">=0"),"")) | P15: =IF(A15="","",IFERROR(COUNTIFS(SCORES!$C$2:$C$2000,A15,SCORES!$B$2:$B$2000,"J",SCORES!$D$2:$D$2000,">=4")/COUNTIFS(SCORES!$C$2:$C$2000,A15,SCORES!$B$2:$B$2000,"J",SCORES!$D$2:$D$2000,">=0"),"")) | Q15: =IF(OR(O15="",P15=""),"",(O15-P15)*100)
A16: {=IFERROR(INDEX(CHECKS!$A$2:$A$2000,SMALL(IF(CHECKS!$E$2:$E$2000="y",ROW(CHECKS!$E$2:$E$2000)-1),12)),"")} | B16: =IF(A16="","",INDEX(CHECKS!$C$2:$C$2000,MATCH(A16,CHECKS!$A$2:$A$2000,0))) | C16: =IF(A16="","",SUMIFS(RECHECKS!$G$2:$G$2000,RECHECKS!$C$2:$C$2000,A16)) | D16: =IF(OR(A16="",C16=0),"",SUMIFS(RECHECKS!$F$2:$F$2000,RECHECKS!$C$2:$C$2000,A16,RECHECKS!$G$2:$G$2000,1)/(5*C16)) | E16: =IF(OR(A16="",C16=0),"",SUMIFS(RECHECKS!$D$2:$D$2000,RECHECKS!$C$2:$C$2000,A16,RECHECKS!$G$2:$G$2000,1)/(3*C16)) | F16: =IF(D16="","",(E16-D16)*100) | G16: =IF(A16="","",INDEX(CHECKS!$F$2:$F$2000,MATCH(A16,CHECKS!$A$2:$A$2000,0))&"") | H16: =IF(OR(A16="",G16=""),"",SUMIFS(RECHECKS!$J$2:$J$2000,RECHECKS!$C$2:$C$2000,A16)) | I16: =IF(OR(H16="",H16=0),"",SUMIFS(RECHECKS!$I$2:$I$2000,RECHECKS!$C$2:$C$2000,A16,RECHECKS!$J$2:$J$2000,1)/(5*H16)) | J16: =IF(OR(H16="",H16=0),"",SUMIFS(RECHECKS!$E$2:$E$2000,RECHECKS!$C$2:$C$2000,A16,RECHECKS!$J$2:$J$2000,1)/(2*H16)) | K16: =IF(I16="","",(J16-I16)*100) | L16: =IF(F16="","",IF(K16="",F16,F16-K16)) | M16: =IF(A16="","",(SUMIFS(SCORES!$D$2:$D$2000,SCORES!$C$2:$C$2000,A16)/(5*COUNTIFS(SCORES!$C$2:$C$2000,A16,SCORES!$D$2:$D$2000,">=0"))-SUMIFS(SCORES!$D$2:$D$2000,SCORES!$D$2:$D$2000,">=0")/(5*COUNTIFS(SCORES!$D$2:$D$2000,">=0")))*100) | N16: =IF(B16="","",IFERROR(INDEX(UNITS!$E$2:$E$2000,MATCH(B16,UNITS!$A$2:$A$2000,0)),"")) | O16: =IF(A16="","",IFERROR(COUNTIFS(SCORES!$C$2:$C$2000,A16,SCORES!$B$2:$B$2000,"C",SCORES!$D$2:$D$2000,">=4")/COUNTIFS(SCORES!$C$2:$C$2000,A16,SCORES!$B$2:$B$2000,"C",SCORES!$D$2:$D$2000,">=0"),"")) | P16: =IF(A16="","",IFERROR(COUNTIFS(SCORES!$C$2:$C$2000,A16,SCORES!$B$2:$B$2000,"J",SCORES!$D$2:$D$2000,">=4")/COUNTIFS(SCORES!$C$2:$C$2000,A16,SCORES!$B$2:$B$2000,"J",SCORES!$D$2:$D$2000,">=0"),"")) | Q16: =IF(OR(O16="",P16=""),"",(O16-P16)*100)
A17: {=IFERROR(INDEX(CHECKS!$A$2:$A$2000,SMALL(IF(CHECKS!$E$2:$E$2000="y",ROW(CHECKS!$E$2:$E$2000)-1),13)),"")} | B17: =IF(A17="","",INDEX(CHECKS!$C$2:$C$2000,MATCH(A17,CHECKS!$A$2:$A$2000,0))) | C17: =IF(A17="","",SUMIFS(RECHECKS!$G$2:$G$2000,RECHECKS!$C$2:$C$2000,A17)) | D17: =IF(OR(A17="",C17=0),"",SUMIFS(RECHECKS!$F$2:$F$2000,RECHECKS!$C$2:$C$2000,A17,RECHECKS!$G$2:$G$2000,1)/(5*C17)) | E17: =IF(OR(A17="",C17=0),"",SUMIFS(RECHECKS!$D$2:$D$2000,RECHECKS!$C$2:$C$2000,A17,RECHECKS!$G$2:$G$2000,1)/(3*C17)) | F17: =IF(D17="","",(E17-D17)*100) | G17: =IF(A17="","",INDEX(CHECKS!$F$2:$F$2000,MATCH(A17,CHECKS!$A$2:$A$2000,0))&"") | H17: =IF(OR(A17="",G17=""),"",SUMIFS(RECHECKS!$J$2:$J$2000,RECHECKS!$C$2:$C$2000,A17)) | I17: =IF(OR(H17="",H17=0),"",SUMIFS(RECHECKS!$I$2:$I$2000,RECHECKS!$C$2:$C$2000,A17,RECHECKS!$J$2:$J$2000,1)/(5*H17)) | J17: =IF(OR(H17="",H17=0),"",SUMIFS(RECHECKS!$E$2:$E$2000,RECHECKS!$C$2:$C$2000,A17,RECHECKS!$J$2:$J$2000,1)/(2*H17)) | K17: =IF(I17="","",(J17-I17)*100) | L17: =IF(F17="","",IF(K17="",F17,F17-K17)) | M17: =IF(A17="","",(SUMIFS(SCORES!$D$2:$D$2000,SCORES!$C$2:$C$2000,A17)/(5*COUNTIFS(SCORES!$C$2:$C$2000,A17,SCORES!$D$2:$D$2000,">=0"))-SUMIFS(SCORES!$D$2:$D$2000,SCORES!$D$2:$D$2000,">=0")/(5*COUNTIFS(SCORES!$D$2:$D$2000,">=0")))*100) | N17: =IF(B17="","",IFERROR(INDEX(UNITS!$E$2:$E$2000,MATCH(B17,UNITS!$A$2:$A$2000,0)),"")) | O17: =IF(A17="","",IFERROR(COUNTIFS(SCORES!$C$2:$C$2000,A17,SCORES!$B$2:$B$2000,"C",SCORES!$D$2:$D$2000,">=4")/COUNTIFS(SCORES!$C$2:$C$2000,A17,SCORES!$B$2:$B$2000,"C",SCORES!$D$2:$D$2000,">=0"),"")) | P17: =IF(A17="","",IFERROR(COUNTIFS(SCORES!$C$2:$C$2000,A17,SCORES!$B$2:$B$2000,"J",SCORES!$D$2:$D$2000,">=4")/COUNTIFS(SCORES!$C$2:$C$2000,A17,SCORES!$B$2:$B$2000,"J",SCORES!$D$2:$D$2000,">=0"),"")) | Q17: =IF(OR(O17="",P17=""),"",(O17-P17)*100)
A18: {=IFERROR(INDEX(CHECKS!$A$2:$A$2000,SMALL(IF(CHECKS!$E$2:$E$2000="y",ROW(CHECKS!$E$2:$E$2000)-1),14)),"")} | B18: =IF(A18="","",INDEX(CHECKS!$C$2:$C$2000,MATCH(A18,CHECKS!$A$2:$A$2000,0))) | C18: =IF(A18="","",SUMIFS(RECHECKS!$G$2:$G$2000,RECHECKS!$C$2:$C$2000,A18)) | D18: =IF(OR(A18="",C18=0),"",SUMIFS(RECHECKS!$F$2:$F$2000,RECHECKS!$C$2:$C$2000,A18,RECHECKS!$G$2:$G$2000,1)/(5*C18)) | E18: =IF(OR(A18="",C18=0),"",SUMIFS(RECHECKS!$D$2:$D$2000,RECHECKS!$C$2:$C$2000,A18,RECHECKS!$G$2:$G$2000,1)/(3*C18)) | F18: =IF(D18="","",(E18-D18)*100) | G18: =IF(A18="","",INDEX(CHECKS!$F$2:$F$2000,MATCH(A18,CHECKS!$A$2:$A$2000,0))&"") | H18: =IF(OR(A18="",G18=""),"",SUMIFS(RECHECKS!$J$2:$J$2000,RECHECKS!$C$2:$C$2000,A18)) | I18: =IF(OR(H18="",H18=0),"",SUMIFS(RECHECKS!$I$2:$I$2000,RECHECKS!$C$2:$C$2000,A18,RECHECKS!$J$2:$J$2000,1)/(5*H18)) | J18: =IF(OR(H18="",H18=0),"",SUMIFS(RECHECKS!$E$2:$E$2000,RECHECKS!$C$2:$C$2000,A18,RECHECKS!$J$2:$J$2000,1)/(2*H18)) | K18: =IF(I18="","",(J18-I18)*100) | L18: =IF(F18="","",IF(K18="",F18,F18-K18)) | M18: =IF(A18="","",(SUMIFS(SCORES!$D$2:$D$2000,SCORES!$C$2:$C$2000,A18)/(5*COUNTIFS(SCORES!$C$2:$C$2000,A18,SCORES!$D$2:$D$2000,">=0"))-SUMIFS(SCORES!$D$2:$D$2000,SCORES!$D$2:$D$2000,">=0")/(5*COUNTIFS(SCORES!$D$2:$D$2000,">=0")))*100) | N18: =IF(B18="","",IFERROR(INDEX(UNITS!$E$2:$E$2000,MATCH(B18,UNITS!$A$2:$A$2000,0)),"")) | O18: =IF(A18="","",IFERROR(COUNTIFS(SCORES!$C$2:$C$2000,A18,SCORES!$B$2:$B$2000,"C",SCORES!$D$2:$D$2000,">=4")/COUNTIFS(SCORES!$C$2:$C$2000,A18,SCORES!$B$2:$B$2000,"C",SCORES!$D$2:$D$2000,">=0"),"")) | P18: =IF(A18="","",IFERROR(COUNTIFS(SCORES!$C$2:$C$2000,A18,SCORES!$B$2:$B$2000,"J",SCORES!$D$2:$D$2000,">=4")/COUNTIFS(SCORES!$C$2:$C$2000,A18,SCORES!$B$2:$B$2000,"J",SCORES!$D$2:$D$2000,">=0"),"")) | Q18: =IF(OR(O18="",P18=""),"",(O18-P18)*100)
A19: {=IFERROR(INDEX(CHECKS!$A$2:$A$2000,SMALL(IF(CHECKS!$E$2:$E$2000="y",ROW(CHECKS!$E$2:$E$2000)-1),15)),"")} | B19: =IF(A19="","",INDEX(CHECKS!$C$2:$C$2000,MATCH(A19,CHECKS!$A$2:$A$2000,0))) | C19: =IF(A19="","",SUMIFS(RECHECKS!$G$2:$G$2000,RECHECKS!$C$2:$C$2000,A19)) | D19: =IF(OR(A19="",C19=0),"",SUMIFS(RECHECKS!$F$2:$F$2000,RECHECKS!$C$2:$C$2000,A19,RECHECKS!$G$2:$G$2000,1)/(5*C19)) | E19: =IF(OR(A19="",C19=0),"",SUMIFS(RECHECKS!$D$2:$D$2000,RECHECKS!$C$2:$C$2000,A19,RECHECKS!$G$2:$G$2000,1)/(3*C19)) | F19: =IF(D19="","",(E19-D19)*100) | G19: =IF(A19="","",INDEX(CHECKS!$F$2:$F$2000,MATCH(A19,CHECKS!$A$2:$A$2000,0))&"") | H19: =IF(OR(A19="",G19=""),"",SUMIFS(RECHECKS!$J$2:$J$2000,RECHECKS!$C$2:$C$2000,A19)) | I19: =IF(OR(H19="",H19=0),"",SUMIFS(RECHECKS!$I$2:$I$2000,RECHECKS!$C$2:$C$2000,A19,RECHECKS!$J$2:$J$2000,1)/(5*H19)) | J19: =IF(OR(H19="",H19=0),"",SUMIFS(RECHECKS!$E$2:$E$2000,RECHECKS!$C$2:$C$2000,A19,RECHECKS!$J$2:$J$2000,1)/(2*H19)) | K19: =IF(I19="","",(J19-I19)*100) | L19: =IF(F19="","",IF(K19="",F19,F19-K19)) | M19: =IF(A19="","",(SUMIFS(SCORES!$D$2:$D$2000,SCORES!$C$2:$C$2000,A19)/(5*COUNTIFS(SCORES!$C$2:$C$2000,A19,SCORES!$D$2:$D$2000,">=0"))-SUMIFS(SCORES!$D$2:$D$2000,SCORES!$D$2:$D$2000,">=0")/(5*COUNTIFS(SCORES!$D$2:$D$2000,">=0")))*100) | N19: =IF(B19="","",IFERROR(INDEX(UNITS!$E$2:$E$2000,MATCH(B19,UNITS!$A$2:$A$2000,0)),"")) | O19: =IF(A19="","",IFERROR(COUNTIFS(SCORES!$C$2:$C$2000,A19,SCORES!$B$2:$B$2000,"C",SCORES!$D$2:$D$2000,">=4")/COUNTIFS(SCORES!$C$2:$C$2000,A19,SCORES!$B$2:$B$2000,"C",SCORES!$D$2:$D$2000,">=0"),"")) | P19: =IF(A19="","",IFERROR(COUNTIFS(SCORES!$C$2:$C$2000,A19,SCORES!$B$2:$B$2000,"J",SCORES!$D$2:$D$2000,">=4")/COUNTIFS(SCORES!$C$2:$C$2000,A19,SCORES!$B$2:$B$2000,"J",SCORES!$D$2:$D$2000,">=0"),"")) | Q19: =IF(OR(O19="",P19=""),"",(O19-P19)*100)
A20: {=IFERROR(INDEX(CHECKS!$A$2:$A$2000,SMALL(IF(CHECKS!$E$2:$E$2000="y",ROW(CHECKS!$E$2:$E$2000)-1),16)),"")} | B20: =IF(A20="","",INDEX(CHECKS!$C$2:$C$2000,MATCH(A20,CHECKS!$A$2:$A$2000,0))) | C20: =IF(A20="","",SUMIFS(RECHECKS!$G$2:$G$2000,RECHECKS!$C$2:$C$2000,A20)) | D20: =IF(OR(A20="",C20=0),"",SUMIFS(RECHECKS!$F$2:$F$2000,RECHECKS!$C$2:$C$2000,A20,RECHECKS!$G$2:$G$2000,1)/(5*C20)) | E20: =IF(OR(A20="",C20=0),"",SUMIFS(RECHECKS!$D$2:$D$2000,RECHECKS!$C$2:$C$2000,A20,RECHECKS!$G$2:$G$2000,1)/(3*C20)) | F20: =IF(D20="","",(E20-D20)*100) | G20: =IF(A20="","",INDEX(CHECKS!$F$2:$F$2000,MATCH(A20,CHECKS!$A$2:$A$2000,0))&"") | H20: =IF(OR(A20="",G20=""),"",SUMIFS(RECHECKS!$J$2:$J$2000,RECHECKS!$C$2:$C$2000,A20)) | I20: =IF(OR(H20="",H20=0),"",SUMIFS(RECHECKS!$I$2:$I$2000,RECHECKS!$C$2:$C$2000,A20,RECHECKS!$J$2:$J$2000,1)/(5*H20)) | J20: =IF(OR(H20="",H20=0),"",SUMIFS(RECHECKS!$E$2:$E$2000,RECHECKS!$C$2:$C$2000,A20,RECHECKS!$J$2:$J$2000,1)/(2*H20)) | K20: =IF(I20="","",(J20-I20)*100) | L20: =IF(F20="","",IF(K20="",F20,F20-K20)) | M20: =IF(A20="","",(SUMIFS(SCORES!$D$2:$D$2000,SCORES!$C$2:$C$2000,A20)/(5*COUNTIFS(SCORES!$C$2:$C$2000,A20,SCORES!$D$2:$D$2000,">=0"))-SUMIFS(SCORES!$D$2:$D$2000,SCORES!$D$2:$D$2000,">=0")/(5*COUNTIFS(SCORES!$D$2:$D$2000,">=0")))*100) | N20: =IF(B20="","",IFERROR(INDEX(UNITS!$E$2:$E$2000,MATCH(B20,UNITS!$A$2:$A$2000,0)),"")) | O20: =IF(A20="","",IFERROR(COUNTIFS(SCORES!$C$2:$C$2000,A20,SCORES!$B$2:$B$2000,"C",SCORES!$D$2:$D$2000,">=4")/COUNTIFS(SCORES!$C$2:$C$2000,A20,SCORES!$B$2:$B$2000,"C",SCORES!$D$2:$D$2000,">=0"),"")) | P20: =IF(A20="","",IFERROR(COUNTIFS(SCORES!$C$2:$C$2000,A20,SCORES!$B$2:$B$2000,"J",SCORES!$D$2:$D$2000,">=4")/COUNTIFS(SCORES!$C$2:$C$2000,A20,SCORES!$B$2:$B$2000,"J",SCORES!$D$2:$D$2000,">=0"),"")) | Q20: =IF(OR(O20="",P20=""),"",(O20-P20)*100)
A21: {=IFERROR(INDEX(CHECKS!$A$2:$A$2000,SMALL(IF(CHECKS!$E$2:$E$2000="y",ROW(CHECKS!$E$2:$E$2000)-1),17)),"")} | B21: =IF(A21="","",INDEX(CHECKS!$C$2:$C$2000,MATCH(A21,CHECKS!$A$2:$A$2000,0))) | C21: =IF(A21="","",SUMIFS(RECHECKS!$G$2:$G$2000,RECHECKS!$C$2:$C$2000,A21)) | D21: =IF(OR(A21="",C21=0),"",SUMIFS(RECHECKS!$F$2:$F$2000,RECHECKS!$C$2:$C$2000,A21,RECHECKS!$G$2:$G$2000,1)/(5*C21)) | E21: =IF(OR(A21="",C21=0),"",SUMIFS(RECHECKS!$D$2:$D$2000,RECHECKS!$C$2:$C$2000,A21,RECHECKS!$G$2:$G$2000,1)/(3*C21)) | F21: =IF(D21="","",(E21-D21)*100) | G21: =IF(A21="","",INDEX(CHECKS!$F$2:$F$2000,MATCH(A21,CHECKS!$A$2:$A$2000,0))&"") | H21: =IF(OR(A21="",G21=""),"",SUMIFS(RECHECKS!$J$2:$J$2000,RECHECKS!$C$2:$C$2000,A21)) | I21: =IF(OR(H21="",H21=0),"",SUMIFS(RECHECKS!$I$2:$I$2000,RECHECKS!$C$2:$C$2000,A21,RECHECKS!$J$2:$J$2000,1)/(5*H21)) | J21: =IF(OR(H21="",H21=0),"",SUMIFS(RECHECKS!$E$2:$E$2000,RECHECKS!$C$2:$C$2000,A21,RECHECKS!$J$2:$J$2000,1)/(2*H21)) | K21: =IF(I21="","",(J21-I21)*100) | L21: =IF(F21="","",IF(K21="",F21,F21-K21)) | M21: =IF(A21="","",(SUMIFS(SCORES!$D$2:$D$2000,SCORES!$C$2:$C$2000,A21)/(5*COUNTIFS(SCORES!$C$2:$C$2000,A21,SCORES!$D$2:$D$2000,">=0"))-SUMIFS(SCORES!$D$2:$D$2000,SCORES!$D$2:$D$2000,">=0")/(5*COUNTIFS(SCORES!$D$2:$D$2000,">=0")))*100) | N21: =IF(B21="","",IFERROR(INDEX(UNITS!$E$2:$E$2000,MATCH(B21,UNITS!$A$2:$A$2000,0)),"")) | O21: =IF(A21="","",IFERROR(COUNTIFS(SCORES!$C$2:$C$2000,A21,SCORES!$B$2:$B$2000,"C",SCORES!$D$2:$D$2000,">=4")/COUNTIFS(SCORES!$C$2:$C$2000,A21,SCORES!$B$2:$B$2000,"C",SCORES!$D$2:$D$2000,">=0"),"")) | P21: =IF(A21="","",IFERROR(COUNTIFS(SCORES!$C$2:$C$2000,A21,SCORES!$B$2:$B$2000,"J",SCORES!$D$2:$D$2000,">=4")/COUNTIFS(SCORES!$C$2:$C$2000,A21,SCORES!$B$2:$B$2000,"J",SCORES!$D$2:$D$2000,">=0"),"")) | Q21: =IF(OR(O21="",P21=""),"",(O21-P21)*100)
A22: {=IFERROR(INDEX(CHECKS!$A$2:$A$2000,SMALL(IF(CHECKS!$E$2:$E$2000="y",ROW(CHECKS!$E$2:$E$2000)-1),18)),"")} | B22: =IF(A22="","",INDEX(CHECKS!$C$2:$C$2000,MATCH(A22,CHECKS!$A$2:$A$2000,0))) | C22: =IF(A22="","",SUMIFS(RECHECKS!$G$2:$G$2000,RECHECKS!$C$2:$C$2000,A22)) | D22: =IF(OR(A22="",C22=0),"",SUMIFS(RECHECKS!$F$2:$F$2000,RECHECKS!$C$2:$C$2000,A22,RECHECKS!$G$2:$G$2000,1)/(5*C22)) | E22: =IF(OR(A22="",C22=0),"",SUMIFS(RECHECKS!$D$2:$D$2000,RECHECKS!$C$2:$C$2000,A22,RECHECKS!$G$2:$G$2000,1)/(3*C22)) | F22: =IF(D22="","",(E22-D22)*100) | G22: =IF(A22="","",INDEX(CHECKS!$F$2:$F$2000,MATCH(A22,CHECKS!$A$2:$A$2000,0))&"") | H22: =IF(OR(A22="",G22=""),"",SUMIFS(RECHECKS!$J$2:$J$2000,RECHECKS!$C$2:$C$2000,A22)) | I22: =IF(OR(H22="",H22=0),"",SUMIFS(RECHECKS!$I$2:$I$2000,RECHECKS!$C$2:$C$2000,A22,RECHECKS!$J$2:$J$2000,1)/(5*H22)) | J22: =IF(OR(H22="",H22=0),"",SUMIFS(RECHECKS!$E$2:$E$2000,RECHECKS!$C$2:$C$2000,A22,RECHECKS!$J$2:$J$2000,1)/(2*H22)) | K22: =IF(I22="","",(J22-I22)*100) | L22: =IF(F22="","",IF(K22="",F22,F22-K22)) | M22: =IF(A22="","",(SUMIFS(SCORES!$D$2:$D$2000,SCORES!$C$2:$C$2000,A22)/(5*COUNTIFS(SCORES!$C$2:$C$2000,A22,SCORES!$D$2:$D$2000,">=0"))-SUMIFS(SCORES!$D$2:$D$2000,SCORES!$D$2:$D$2000,">=0")/(5*COUNTIFS(SCORES!$D$2:$D$2000,">=0")))*100) | N22: =IF(B22="","",IFERROR(INDEX(UNITS!$E$2:$E$2000,MATCH(B22,UNITS!$A$2:$A$2000,0)),"")) | O22: =IF(A22="","",IFERROR(COUNTIFS(SCORES!$C$2:$C$2000,A22,SCORES!$B$2:$B$2000,"C",SCORES!$D$2:$D$2000,">=4")/COUNTIFS(SCORES!$C$2:$C$2000,A22,SCORES!$B$2:$B$2000,"C",SCORES!$D$2:$D$2000,">=0"),"")) | P22: =IF(A22="","",IFERROR(COUNTIFS(SCORES!$C$2:$C$2000,A22,SCORES!$B$2:$B$2000,"J",SCORES!$D$2:$D$2000,">=4")/COUNTIFS(SCORES!$C$2:$C$2000,A22,SCORES!$B$2:$B$2000,"J",SCORES!$D$2:$D$2000,">=0"),"")) | Q22: =IF(OR(O22="",P22=""),"",(O22-P22)*100)
A23: {=IFERROR(INDEX(CHECKS!$A$2:$A$2000,SMALL(IF(CHECKS!$E$2:$E$2000="y",ROW(CHECKS!$E$2:$E$2000)-1),19)),"")} | B23: =IF(A23="","",INDEX(CHECKS!$C$2:$C$2000,MATCH(A23,CHECKS!$A$2:$A$2000,0))) | C23: =IF(A23="","",SUMIFS(RECHECKS!$G$2:$G$2000,RECHECKS!$C$2:$C$2000,A23)) | D23: =IF(OR(A23="",C23=0),"",SUMIFS(RECHECKS!$F$2:$F$2000,RECHECKS!$C$2:$C$2000,A23,RECHECKS!$G$2:$G$2000,1)/(5*C23)) | E23: =IF(OR(A23="",C23=0),"",SUMIFS(RECHECKS!$D$2:$D$2000,RECHECKS!$C$2:$C$2000,A23,RECHECKS!$G$2:$G$2000,1)/(3*C23)) | F23: =IF(D23="","",(E23-D23)*100) | G23: =IF(A23="","",INDEX(CHECKS!$F$2:$F$2000,MATCH(A23,CHECKS!$A$2:$A$2000,0))&"") | H23: =IF(OR(A23="",G23=""),"",SUMIFS(RECHECKS!$J$2:$J$2000,RECHECKS!$C$2:$C$2000,A23)) | I23: =IF(OR(H23="",H23=0),"",SUMIFS(RECHECKS!$I$2:$I$2000,RECHECKS!$C$2:$C$2000,A23,RECHECKS!$J$2:$J$2000,1)/(5*H23)) | J23: =IF(OR(H23="",H23=0),"",SUMIFS(RECHECKS!$E$2:$E$2000,RECHECKS!$C$2:$C$2000,A23,RECHECKS!$J$2:$J$2000,1)/(2*H23)) | K23: =IF(I23="","",(J23-I23)*100) | L23: =IF(F23="","",IF(K23="",F23,F23-K23)) | M23: =IF(A23="","",(SUMIFS(SCORES!$D$2:$D$2000,SCORES!$C$2:$C$2000,A23)/(5*COUNTIFS(SCORES!$C$2:$C$2000,A23,SCORES!$D$2:$D$2000,">=0"))-SUMIFS(SCORES!$D$2:$D$2000,SCORES!$D$2:$D$2000,">=0")/(5*COUNTIFS(SCORES!$D$2:$D$2000,">=0")))*100) | N23: =IF(B23="","",IFERROR(INDEX(UNITS!$E$2:$E$2000,MATCH(B23,UNITS!$A$2:$A$2000,0)),"")) | O23: =IF(A23="","",IFERROR(COUNTIFS(SCORES!$C$2:$C$2000,A23,SCORES!$B$2:$B$2000,"C",SCORES!$D$2:$D$2000,">=4")/COUNTIFS(SCORES!$C$2:$C$2000,A23,SCORES!$B$2:$B$2000,"C",SCORES!$D$2:$D$2000,">=0"),"")) | P23: =IF(A23="","",IFERROR(COUNTIFS(SCORES!$C$2:$C$2000,A23,SCORES!$B$2:$B$2000,"J",SCORES!$D$2:$D$2000,">=4")/COUNTIFS(SCORES!$C$2:$C$2000,A23,SCORES!$B$2:$B$2000,"J",SCORES!$D$2:$D$2000,">=0"),"")) | Q23: =IF(OR(O23="",P23=""),"",(O23-P23)*100)
A24: {=IFERROR(INDEX(CHECKS!$A$2:$A$2000,SMALL(IF(CHECKS!$E$2:$E$2000="y",ROW(CHECKS!$E$2:$E$2000)-1),20)),"")} | B24: =IF(A24="","",INDEX(CHECKS!$C$2:$C$2000,MATCH(A24,CHECKS!$A$2:$A$2000,0))) | C24: =IF(A24="","",SUMIFS(RECHECKS!$G$2:$G$2000,RECHECKS!$C$2:$C$2000,A24)) | D24: =IF(OR(A24="",C24=0),"",SUMIFS(RECHECKS!$F$2:$F$2000,RECHECKS!$C$2:$C$2000,A24,RECHECKS!$G$2:$G$2000,1)/(5*C24)) | E24: =IF(OR(A24="",C24=0),"",SUMIFS(RECHECKS!$D$2:$D$2000,RECHECKS!$C$2:$C$2000,A24,RECHECKS!$G$2:$G$2000,1)/(3*C24)) | F24: =IF(D24="","",(E24-D24)*100) | G24: =IF(A24="","",INDEX(CHECKS!$F$2:$F$2000,MATCH(A24,CHECKS!$A$2:$A$2000,0))&"") | H24: =IF(OR(A24="",G24=""),"",SUMIFS(RECHECKS!$J$2:$J$2000,RECHECKS!$C$2:$C$2000,A24)) | I24: =IF(OR(H24="",H24=0),"",SUMIFS(RECHECKS!$I$2:$I$2000,RECHECKS!$C$2:$C$2000,A24,RECHECKS!$J$2:$J$2000,1)/(5*H24)) | J24: =IF(OR(H24="",H24=0),"",SUMIFS(RECHECKS!$E$2:$E$2000,RECHECKS!$C$2:$C$2000,A24,RECHECKS!$J$2:$J$2000,1)/(2*H24)) | K24: =IF(I24="","",(J24-I24)*100) | L24: =IF(F24="","",IF(K24="",F24,F24-K24)) | M24: =IF(A24="","",(SUMIFS(SCORES!$D$2:$D$2000,SCORES!$C$2:$C$2000,A24)/(5*COUNTIFS(SCORES!$C$2:$C$2000,A24,SCORES!$D$2:$D$2000,">=0"))-SUMIFS(SCORES!$D$2:$D$2000,SCORES!$D$2:$D$2000,">=0")/(5*COUNTIFS(SCORES!$D$2:$D$2000,">=0")))*100) | N24: =IF(B24="","",IFERROR(INDEX(UNITS!$E$2:$E$2000,MATCH(B24,UNITS!$A$2:$A$2000,0)),"")) | O24: =IF(A24="","",IFERROR(COUNTIFS(SCORES!$C$2:$C$2000,A24,SCORES!$B$2:$B$2000,"C",SCORES!$D$2:$D$2000,">=4")/COUNTIFS(SCORES!$C$2:$C$2000,A24,SCORES!$B$2:$B$2000,"C",SCORES!$D$2:$D$2000,">=0"),"")) | P24: =IF(A24="","",IFERROR(COUNTIFS(SCORES!$C$2:$C$2000,A24,SCORES!$B$2:$B$2000,"J",SCORES!$D$2:$D$2000,">=4")/COUNTIFS(SCORES!$C$2:$C$2000,A24,SCORES!$B$2:$B$2000,"J",SCORES!$D$2:$D$2000,">=0"),"")) | Q24: =IF(OR(O24="",P24=""),"",(O24-P24)*100)
A25: {=IFERROR(INDEX(CHECKS!$A$2:$A$2000,SMALL(IF(CHECKS!$E$2:$E$2000="y",ROW(CHECKS!$E$2:$E$2000)-1),21)),"")} | B25: =IF(A25="","",INDEX(CHECKS!$C$2:$C$2000,MATCH(A25,CHECKS!$A$2:$A$2000,0))) | C25: =IF(A25="","",SUMIFS(RECHECKS!$G$2:$G$2000,RECHECKS!$C$2:$C$2000,A25)) | D25: =IF(OR(A25="",C25=0),"",SUMIFS(RECHECKS!$F$2:$F$2000,RECHECKS!$C$2:$C$2000,A25,RECHECKS!$G$2:$G$2000,1)/(5*C25)) | E25: =IF(OR(A25="",C25=0),"",SUMIFS(RECHECKS!$D$2:$D$2000,RECHECKS!$C$2:$C$2000,A25,RECHECKS!$G$2:$G$2000,1)/(3*C25)) | F25: =IF(D25="","",(E25-D25)*100) | G25: =IF(A25="","",INDEX(CHECKS!$F$2:$F$2000,MATCH(A25,CHECKS!$A$2:$A$2000,0))&"") | H25: =IF(OR(A25="",G25=""),"",SUMIFS(RECHECKS!$J$2:$J$2000,RECHECKS!$C$2:$C$2000,A25)) | I25: =IF(OR(H25="",H25=0),"",SUMIFS(RECHECKS!$I$2:$I$2000,RECHECKS!$C$2:$C$2000,A25,RECHECKS!$J$2:$J$2000,1)/(5*H25)) | J25: =IF(OR(H25="",H25=0),"",SUMIFS(RECHECKS!$E$2:$E$2000,RECHECKS!$C$2:$C$2000,A25,RECHECKS!$J$2:$J$2000,1)/(2*H25)) | K25: =IF(I25="","",(J25-I25)*100) | L25: =IF(F25="","",IF(K25="",F25,F25-K25)) | M25: =IF(A25="","",(SUMIFS(SCORES!$D$2:$D$2000,SCORES!$C$2:$C$2000,A25)/(5*COUNTIFS(SCORES!$C$2:$C$2000,A25,SCORES!$D$2:$D$2000,">=0"))-SUMIFS(SCORES!$D$2:$D$2000,SCORES!$D$2:$D$2000,">=0")/(5*COUNTIFS(SCORES!$D$2:$D$2000,">=0")))*100) | N25: =IF(B25="","",IFERROR(INDEX(UNITS!$E$2:$E$2000,MATCH(B25,UNITS!$A$2:$A$2000,0)),"")) | O25: =IF(A25="","",IFERROR(COUNTIFS(SCORES!$C$2:$C$2000,A25,SCORES!$B$2:$B$2000,"C",SCORES!$D$2:$D$2000,">=4")/COUNTIFS(SCORES!$C$2:$C$2000,A25,SCORES!$B$2:$B$2000,"C",SCORES!$D$2:$D$2000,">=0"),"")) | P25: =IF(A25="","",IFERROR(COUNTIFS(SCORES!$C$2:$C$2000,A25,SCORES!$B$2:$B$2000,"J",SCORES!$D$2:$D$2000,">=4")/COUNTIFS(SCORES!$C$2:$C$2000,A25,SCORES!$B$2:$B$2000,"J",SCORES!$D$2:$D$2000,">=0"),"")) | Q25: =IF(OR(O25="",P25=""),"",(O25-P25)*100)
A26: {=IFERROR(INDEX(CHECKS!$A$2:$A$2000,SMALL(IF(CHECKS!$E$2:$E$2000="y",ROW(CHECKS!$E$2:$E$2000)-1),22)),"")} | B26: =IF(A26="","",INDEX(CHECKS!$C$2:$C$2000,MATCH(A26,CHECKS!$A$2:$A$2000,0))) | C26: =IF(A26="","",SUMIFS(RECHECKS!$G$2:$G$2000,RECHECKS!$C$2:$C$2000,A26)) | D26: =IF(OR(A26="",C26=0),"",SUMIFS(RECHECKS!$F$2:$F$2000,RECHECKS!$C$2:$C$2000,A26,RECHECKS!$G$2:$G$2000,1)/(5*C26)) | E26: =IF(OR(A26="",C26=0),"",SUMIFS(RECHECKS!$D$2:$D$2000,RECHECKS!$C$2:$C$2000,A26,RECHECKS!$G$2:$G$2000,1)/(3*C26)) | F26: =IF(D26="","",(E26-D26)*100) | G26: =IF(A26="","",INDEX(CHECKS!$F$2:$F$2000,MATCH(A26,CHECKS!$A$2:$A$2000,0))&"") | H26: =IF(OR(A26="",G26=""),"",SUMIFS(RECHECKS!$J$2:$J$2000,RECHECKS!$C$2:$C$2000,A26)) | I26: =IF(OR(H26="",H26=0),"",SUMIFS(RECHECKS!$I$2:$I$2000,RECHECKS!$C$2:$C$2000,A26,RECHECKS!$J$2:$J$2000,1)/(5*H26)) | J26: =IF(OR(H26="",H26=0),"",SUMIFS(RECHECKS!$E$2:$E$2000,RECHECKS!$C$2:$C$2000,A26,RECHECKS!$J$2:$J$2000,1)/(2*H26)) | K26: =IF(I26="","",(J26-I26)*100) | L26: =IF(F26="","",IF(K26="",F26,F26-K26)) | M26: =IF(A26="","",(SUMIFS(SCORES!$D$2:$D$2000,SCORES!$C$2:$C$2000,A26)/(5*COUNTIFS(SCORES!$C$2:$C$2000,A26,SCORES!$D$2:$D$2000,">=0"))-SUMIFS(SCORES!$D$2:$D$2000,SCORES!$D$2:$D$2000,">=0")/(5*COUNTIFS(SCORES!$D$2:$D$2000,">=0")))*100) | N26: =IF(B26="","",IFERROR(INDEX(UNITS!$E$2:$E$2000,MATCH(B26,UNITS!$A$2:$A$2000,0)),"")) | O26: =IF(A26="","",IFERROR(COUNTIFS(SCORES!$C$2:$C$2000,A26,SCORES!$B$2:$B$2000,"C",SCORES!$D$2:$D$2000,">=4")/COUNTIFS(SCORES!$C$2:$C$2000,A26,SCORES!$B$2:$B$2000,"C",SCORES!$D$2:$D$2000,">=0"),"")) | P26: =IF(A26="","",IFERROR(COUNTIFS(SCORES!$C$2:$C$2000,A26,SCORES!$B$2:$B$2000,"J",SCORES!$D$2:$D$2000,">=4")/COUNTIFS(SCORES!$C$2:$C$2000,A26,SCORES!$B$2:$B$2000,"J",SCORES!$D$2:$D$2000,">=0"),"")) | Q26: =IF(OR(O26="",P26=""),"",(O26-P26)*100)
A27: {=IFERROR(INDEX(CHECKS!$A$2:$A$2000,SMALL(IF(CHECKS!$E$2:$E$2000="y",ROW(CHECKS!$E$2:$E$2000)-1),23)),"")} | B27: =IF(A27="","",INDEX(CHECKS!$C$2:$C$2000,MATCH(A27,CHECKS!$A$2:$A$2000,0))) | C27: =IF(A27="","",SUMIFS(RECHECKS!$G$2:$G$2000,RECHECKS!$C$2:$C$2000,A27)) | D27: =IF(OR(A27="",C27=0),"",SUMIFS(RECHECKS!$F$2:$F$2000,RECHECKS!$C$2:$C$2000,A27,RECHECKS!$G$2:$G$2000,1)/(5*C27)) | E27: =IF(OR(A27="",C27=0),"",SUMIFS(RECHECKS!$D$2:$D$2000,RECHECKS!$C$2:$C$2000,A27,RECHECKS!$G$2:$G$2000,1)/(3*C27)) | F27: =IF(D27="","",(E27-D27)*100) | G27: =IF(A27="","",INDEX(CHECKS!$F$2:$F$2000,MATCH(A27,CHECKS!$A$2:$A$2000,0))&"") | H27: =IF(OR(A27="",G27=""),"",SUMIFS(RECHECKS!$J$2:$J$2000,RECHECKS!$C$2:$C$2000,A27)) | I27: =IF(OR(H27="",H27=0),"",SUMIFS(RECHECKS!$I$2:$I$2000,RECHECKS!$C$2:$C$2000,A27,RECHECKS!$J$2:$J$2000,1)/(5*H27)) | J27: =IF(OR(H27="",H27=0),"",SUMIFS(RECHECKS!$E$2:$E$2000,RECHECKS!$C$2:$C$2000,A27,RECHECKS!$J$2:$J$2000,1)/(2*H27)) | K27: =IF(I27="","",(J27-I27)*100) | L27: =IF(F27="","",IF(K27="",F27,F27-K27)) | M27: =IF(A27="","",(SUMIFS(SCORES!$D$2:$D$2000,SCORES!$C$2:$C$2000,A27)/(5*COUNTIFS(SCORES!$C$2:$C$2000,A27,SCORES!$D$2:$D$2000,">=0"))-SUMIFS(SCORES!$D$2:$D$2000,SCORES!$D$2:$D$2000,">=0")/(5*COUNTIFS(SCORES!$D$2:$D$2000,">=0")))*100) | N27: =IF(B27="","",IFERROR(INDEX(UNITS!$E$2:$E$2000,MATCH(B27,UNITS!$A$2:$A$2000,0)),"")) | O27: =IF(A27="","",IFERROR(COUNTIFS(SCORES!$C$2:$C$2000,A27,SCORES!$B$2:$B$2000,"C",SCORES!$D$2:$D$2000,">=4")/COUNTIFS(SCORES!$C$2:$C$2000,A27,SCORES!$B$2:$B$2000,"C",SCORES!$D$2:$D$2000,">=0"),"")) | P27: =IF(A27="","",IFERROR(COUNTIFS(SCORES!$C$2:$C$2000,A27,SCORES!$B$2:$B$2000,"J",SCORES!$D$2:$D$2000,">=4")/COUNTIFS(SCORES!$C$2:$C$2000,A27,SCORES!$B$2:$B$2000,"J",SCORES!$D$2:$D$2000,">=0"),"")) | Q27: =IF(OR(O27="",P27=""),"",(O27-P27)*100)
A28: {=IFERROR(INDEX(CHECKS!$A$2:$A$2000,SMALL(IF(CHECKS!$E$2:$E$2000="y",ROW(CHECKS!$E$2:$E$2000)-1),24)),"")} | B28: =IF(A28="","",INDEX(CHECKS!$C$2:$C$2000,MATCH(A28,CHECKS!$A$2:$A$2000,0))) | C28: =IF(A28="","",SUMIFS(RECHECKS!$G$2:$G$2000,RECHECKS!$C$2:$C$2000,A28)) | D28: =IF(OR(A28="",C28=0),"",SUMIFS(RECHECKS!$F$2:$F$2000,RECHECKS!$C$2:$C$2000,A28,RECHECKS!$G$2:$G$2000,1)/(5*C28)) | E28: =IF(OR(A28="",C28=0),"",SUMIFS(RECHECKS!$D$2:$D$2000,RECHECKS!$C$2:$C$2000,A28,RECHECKS!$G$2:$G$2000,1)/(3*C28)) | F28: =IF(D28="","",(E28-D28)*100) | G28: =IF(A28="","",INDEX(CHECKS!$F$2:$F$2000,MATCH(A28,CHECKS!$A$2:$A$2000,0))&"") | H28: =IF(OR(A28="",G28=""),"",SUMIFS(RECHECKS!$J$2:$J$2000,RECHECKS!$C$2:$C$2000,A28)) | I28: =IF(OR(H28="",H28=0),"",SUMIFS(RECHECKS!$I$2:$I$2000,RECHECKS!$C$2:$C$2000,A28,RECHECKS!$J$2:$J$2000,1)/(5*H28)) | J28: =IF(OR(H28="",H28=0),"",SUMIFS(RECHECKS!$E$2:$E$2000,RECHECKS!$C$2:$C$2000,A28,RECHECKS!$J$2:$J$2000,1)/(2*H28)) | K28: =IF(I28="","",(J28-I28)*100) | L28: =IF(F28="","",IF(K28="",F28,F28-K28)) | M28: =IF(A28="","",(SUMIFS(SCORES!$D$2:$D$2000,SCORES!$C$2:$C$2000,A28)/(5*COUNTIFS(SCORES!$C$2:$C$2000,A28,SCORES!$D$2:$D$2000,">=0"))-SUMIFS(SCORES!$D$2:$D$2000,SCORES!$D$2:$D$2000,">=0")/(5*COUNTIFS(SCORES!$D$2:$D$2000,">=0")))*100) | N28: =IF(B28="","",IFERROR(INDEX(UNITS!$E$2:$E$2000,MATCH(B28,UNITS!$A$2:$A$2000,0)),"")) | O28: =IF(A28="","",IFERROR(COUNTIFS(SCORES!$C$2:$C$2000,A28,SCORES!$B$2:$B$2000,"C",SCORES!$D$2:$D$2000,">=4")/COUNTIFS(SCORES!$C$2:$C$2000,A28,SCORES!$B$2:$B$2000,"C",SCORES!$D$2:$D$2000,">=0"),"")) | P28: =IF(A28="","",IFERROR(COUNTIFS(SCORES!$C$2:$C$2000,A28,SCORES!$B$2:$B$2000,"J",SCORES!$D$2:$D$2000,">=4")/COUNTIFS(SCORES!$C$2:$C$2000,A28,SCORES!$B$2:$B$2000,"J",SCORES!$D$2:$D$2000,">=0"),"")) | Q28: =IF(OR(O28="",P28=""),"",(O28-P28)*100)
A29: {=IFERROR(INDEX(CHECKS!$A$2:$A$2000,SMALL(IF(CHECKS!$E$2:$E$2000="y",ROW(CHECKS!$E$2:$E$2000)-1),25)),"")} | B29: =IF(A29="","",INDEX(CHECKS!$C$2:$C$2000,MATCH(A29,CHECKS!$A$2:$A$2000,0))) | C29: =IF(A29="","",SUMIFS(RECHECKS!$G$2:$G$2000,RECHECKS!$C$2:$C$2000,A29)) | D29: =IF(OR(A29="",C29=0),"",SUMIFS(RECHECKS!$F$2:$F$2000,RECHECKS!$C$2:$C$2000,A29,RECHECKS!$G$2:$G$2000,1)/(5*C29)) | E29: =IF(OR(A29="",C29=0),"",SUMIFS(RECHECKS!$D$2:$D$2000,RECHECKS!$C$2:$C$2000,A29,RECHECKS!$G$2:$G$2000,1)/(3*C29)) | F29: =IF(D29="","",(E29-D29)*100) | G29: =IF(A29="","",INDEX(CHECKS!$F$2:$F$2000,MATCH(A29,CHECKS!$A$2:$A$2000,0))&"") | H29: =IF(OR(A29="",G29=""),"",SUMIFS(RECHECKS!$J$2:$J$2000,RECHECKS!$C$2:$C$2000,A29)) | I29: =IF(OR(H29="",H29=0),"",SUMIFS(RECHECKS!$I$2:$I$2000,RECHECKS!$C$2:$C$2000,A29,RECHECKS!$J$2:$J$2000,1)/(5*H29)) | J29: =IF(OR(H29="",H29=0),"",SUMIFS(RECHECKS!$E$2:$E$2000,RECHECKS!$C$2:$C$2000,A29,RECHECKS!$J$2:$J$2000,1)/(2*H29)) | K29: =IF(I29="","",(J29-I29)*100) | L29: =IF(F29="","",IF(K29="",F29,F29-K29)) | M29: =IF(A29="","",(SUMIFS(SCORES!$D$2:$D$2000,SCORES!$C$2:$C$2000,A29)/(5*COUNTIFS(SCORES!$C$2:$C$2000,A29,SCORES!$D$2:$D$2000,">=0"))-SUMIFS(SCORES!$D$2:$D$2000,SCORES!$D$2:$D$2000,">=0")/(5*COUNTIFS(SCORES!$D$2:$D$2000,">=0")))*100) | N29: =IF(B29="","",IFERROR(INDEX(UNITS!$E$2:$E$2000,MATCH(B29,UNITS!$A$2:$A$2000,0)),"")) | O29: =IF(A29="","",IFERROR(COUNTIFS(SCORES!$C$2:$C$2000,A29,SCORES!$B$2:$B$2000,"C",SCORES!$D$2:$D$2000,">=4")/COUNTIFS(SCORES!$C$2:$C$2000,A29,SCORES!$B$2:$B$2000,"C",SCORES!$D$2:$D$2000,">=0"),"")) | P29: =IF(A29="","",IFERROR(COUNTIFS(SCORES!$C$2:$C$2000,A29,SCORES!$B$2:$B$2000,"J",SCORES!$D$2:$D$2000,">=4")/COUNTIFS(SCORES!$C$2:$C$2000,A29,SCORES!$B$2:$B$2000,"J",SCORES!$D$2:$D$2000,">=0"),"")) | Q29: =IF(OR(O29="",P29=""),"",(O29-P29)*100)
A30: {=IFERROR(INDEX(CHECKS!$A$2:$A$2000,SMALL(IF(CHECKS!$E$2:$E$2000="y",ROW(CHECKS!$E$2:$E$2000)-1),26)),"")} | B30: =IF(A30="","",INDEX(CHECKS!$C$2:$C$2000,MATCH(A30,CHECKS!$A$2:$A$2000,0))) | C30: =IF(A30="","",SUMIFS(RECHECKS!$G$2:$G$2000,RECHECKS!$C$2:$C$2000,A30)) | D30: =IF(OR(A30="",C30=0),"",SUMIFS(RECHECKS!$F$2:$F$2000,RECHECKS!$C$2:$C$2000,A30,RECHECKS!$G$2:$G$2000,1)/(5*C30)) | E30: =IF(OR(A30="",C30=0),"",SUMIFS(RECHECKS!$D$2:$D$2000,RECHECKS!$C$2:$C$2000,A30,RECHECKS!$G$2:$G$2000,1)/(3*C30)) | F30: =IF(D30="","",(E30-D30)*100) | G30: =IF(A30="","",INDEX(CHECKS!$F$2:$F$2000,MATCH(A30,CHECKS!$A$2:$A$2000,0))&"") | H30: =IF(OR(A30="",G30=""),"",SUMIFS(RECHECKS!$J$2:$J$2000,RECHECKS!$C$2:$C$2000,A30)) | I30: =IF(OR(H30="",H30=0),"",SUMIFS(RECHECKS!$I$2:$I$2000,RECHECKS!$C$2:$C$2000,A30,RECHECKS!$J$2:$J$2000,1)/(5*H30)) | J30: =IF(OR(H30="",H30=0),"",SUMIFS(RECHECKS!$E$2:$E$2000,RECHECKS!$C$2:$C$2000,A30,RECHECKS!$J$2:$J$2000,1)/(2*H30)) | K30: =IF(I30="","",(J30-I30)*100) | L30: =IF(F30="","",IF(K30="",F30,F30-K30)) | M30: =IF(A30="","",(SUMIFS(SCORES!$D$2:$D$2000,SCORES!$C$2:$C$2000,A30)/(5*COUNTIFS(SCORES!$C$2:$C$2000,A30,SCORES!$D$2:$D$2000,">=0"))-SUMIFS(SCORES!$D$2:$D$2000,SCORES!$D$2:$D$2000,">=0")/(5*COUNTIFS(SCORES!$D$2:$D$2000,">=0")))*100) | N30: =IF(B30="","",IFERROR(INDEX(UNITS!$E$2:$E$2000,MATCH(B30,UNITS!$A$2:$A$2000,0)),"")) | O30: =IF(A30="","",IFERROR(COUNTIFS(SCORES!$C$2:$C$2000,A30,SCORES!$B$2:$B$2000,"C",SCORES!$D$2:$D$2000,">=4")/COUNTIFS(SCORES!$C$2:$C$2000,A30,SCORES!$B$2:$B$2000,"C",SCORES!$D$2:$D$2000,">=0"),"")) | P30: =IF(A30="","",IFERROR(COUNTIFS(SCORES!$C$2:$C$2000,A30,SCORES!$B$2:$B$2000,"J",SCORES!$D$2:$D$2000,">=4")/COUNTIFS(SCORES!$C$2:$C$2000,A30,SCORES!$B$2:$B$2000,"J",SCORES!$D$2:$D$2000,">=0"),"")) | Q30: =IF(OR(O30="",P30=""),"",(O30-P30)*100)
A31: {=IFERROR(INDEX(CHECKS!$A$2:$A$2000,SMALL(IF(CHECKS!$E$2:$E$2000="y",ROW(CHECKS!$E$2:$E$2000)-1),27)),"")} | B31: =IF(A31="","",INDEX(CHECKS!$C$2:$C$2000,MATCH(A31,CHECKS!$A$2:$A$2000,0))) | C31: =IF(A31="","",SUMIFS(RECHECKS!$G$2:$G$2000,RECHECKS!$C$2:$C$2000,A31)) | D31: =IF(OR(A31="",C31=0),"",SUMIFS(RECHECKS!$F$2:$F$2000,RECHECKS!$C$2:$C$2000,A31,RECHECKS!$G$2:$G$2000,1)/(5*C31)) | E31: =IF(OR(A31="",C31=0),"",SUMIFS(RECHECKS!$D$2:$D$2000,RECHECKS!$C$2:$C$2000,A31,RECHECKS!$G$2:$G$2000,1)/(3*C31)) | F31: =IF(D31="","",(E31-D31)*100) | G31: =IF(A31="","",INDEX(CHECKS!$F$2:$F$2000,MATCH(A31,CHECKS!$A$2:$A$2000,0))&"") | H31: =IF(OR(A31="",G31=""),"",SUMIFS(RECHECKS!$J$2:$J$2000,RECHECKS!$C$2:$C$2000,A31)) | I31: =IF(OR(H31="",H31=0),"",SUMIFS(RECHECKS!$I$2:$I$2000,RECHECKS!$C$2:$C$2000,A31,RECHECKS!$J$2:$J$2000,1)/(5*H31)) | J31: =IF(OR(H31="",H31=0),"",SUMIFS(RECHECKS!$E$2:$E$2000,RECHECKS!$C$2:$C$2000,A31,RECHECKS!$J$2:$J$2000,1)/(2*H31)) | K31: =IF(I31="","",(J31-I31)*100) | L31: =IF(F31="","",IF(K31="",F31,F31-K31)) | M31: =IF(A31="","",(SUMIFS(SCORES!$D$2:$D$2000,SCORES!$C$2:$C$2000,A31)/(5*COUNTIFS(SCORES!$C$2:$C$2000,A31,SCORES!$D$2:$D$2000,">=0"))-SUMIFS(SCORES!$D$2:$D$2000,SCORES!$D$2:$D$2000,">=0")/(5*COUNTIFS(SCORES!$D$2:$D$2000,">=0")))*100) | N31: =IF(B31="","",IFERROR(INDEX(UNITS!$E$2:$E$2000,MATCH(B31,UNITS!$A$2:$A$2000,0)),"")) | O31: =IF(A31="","",IFERROR(COUNTIFS(SCORES!$C$2:$C$2000,A31,SCORES!$B$2:$B$2000,"C",SCORES!$D$2:$D$2000,">=4")/COUNTIFS(SCORES!$C$2:$C$2000,A31,SCORES!$B$2:$B$2000,"C",SCORES!$D$2:$D$2000,">=0"),"")) | P31: =IF(A31="","",IFERROR(COUNTIFS(SCORES!$C$2:$C$2000,A31,SCORES!$B$2:$B$2000,"J",SCORES!$D$2:$D$2000,">=4")/COUNTIFS(SCORES!$C$2:$C$2000,A31,SCORES!$B$2:$B$2000,"J",SCORES!$D$2:$D$2000,">=0"),"")) | Q31: =IF(OR(O31="",P31=""),"",(O31-P31)*100)
A32: {=IFERROR(INDEX(CHECKS!$A$2:$A$2000,SMALL(IF(CHECKS!$E$2:$E$2000="y",ROW(CHECKS!$E$2:$E$2000)-1),28)),"")} | B32: =IF(A32="","",INDEX(CHECKS!$C$2:$C$2000,MATCH(A32,CHECKS!$A$2:$A$2000,0))) | C32: =IF(A32="","",SUMIFS(RECHECKS!$G$2:$G$2000,RECHECKS!$C$2:$C$2000,A32)) | D32: =IF(OR(A32="",C32=0),"",SUMIFS(RECHECKS!$F$2:$F$2000,RECHECKS!$C$2:$C$2000,A32,RECHECKS!$G$2:$G$2000,1)/(5*C32)) | E32: =IF(OR(A32="",C32=0),"",SUMIFS(RECHECKS!$D$2:$D$2000,RECHECKS!$C$2:$C$2000,A32,RECHECKS!$G$2:$G$2000,1)/(3*C32)) | F32: =IF(D32="","",(E32-D32)*100) | G32: =IF(A32="","",INDEX(CHECKS!$F$2:$F$2000,MATCH(A32,CHECKS!$A$2:$A$2000,0))&"") | H32: =IF(OR(A32="",G32=""),"",SUMIFS(RECHECKS!$J$2:$J$2000,RECHECKS!$C$2:$C$2000,A32)) | I32: =IF(OR(H32="",H32=0),"",SUMIFS(RECHECKS!$I$2:$I$2000,RECHECKS!$C$2:$C$2000,A32,RECHECKS!$J$2:$J$2000,1)/(5*H32)) | J32: =IF(OR(H32="",H32=0),"",SUMIFS(RECHECKS!$E$2:$E$2000,RECHECKS!$C$2:$C$2000,A32,RECHECKS!$J$2:$J$2000,1)/(2*H32)) | K32: =IF(I32="","",(J32-I32)*100) | L32: =IF(F32="","",IF(K32="",F32,F32-K32)) | M32: =IF(A32="","",(SUMIFS(SCORES!$D$2:$D$2000,SCORES!$C$2:$C$2000,A32)/(5*COUNTIFS(SCORES!$C$2:$C$2000,A32,SCORES!$D$2:$D$2000,">=0"))-SUMIFS(SCORES!$D$2:$D$2000,SCORES!$D$2:$D$2000,">=0")/(5*COUNTIFS(SCORES!$D$2:$D$2000,">=0")))*100) | N32: =IF(B32="","",IFERROR(INDEX(UNITS!$E$2:$E$2000,MATCH(B32,UNITS!$A$2:$A$2000,0)),"")) | O32: =IF(A32="","",IFERROR(COUNTIFS(SCORES!$C$2:$C$2000,A32,SCORES!$B$2:$B$2000,"C",SCORES!$D$2:$D$2000,">=4")/COUNTIFS(SCORES!$C$2:$C$2000,A32,SCORES!$B$2:$B$2000,"C",SCORES!$D$2:$D$2000,">=0"),"")) | P32: =IF(A32="","",IFERROR(COUNTIFS(SCORES!$C$2:$C$2000,A32,SCORES!$B$2:$B$2000,"J",SCORES!$D$2:$D$2000,">=4")/COUNTIFS(SCORES!$C$2:$C$2000,A32,SCORES!$B$2:$B$2000,"J",SCORES!$D$2:$D$2000,">=0"),"")) | Q32: =IF(OR(O32="",P32=""),"",(O32-P32)*100)
A33: {=IFERROR(INDEX(CHECKS!$A$2:$A$2000,SMALL(IF(CHECKS!$E$2:$E$2000="y",ROW(CHECKS!$E$2:$E$2000)-1),29)),"")} | B33: =IF(A33="","",INDEX(CHECKS!$C$2:$C$2000,MATCH(A33,CHECKS!$A$2:$A$2000,0))) | C33: =IF(A33="","",SUMIFS(RECHECKS!$G$2:$G$2000,RECHECKS!$C$2:$C$2000,A33)) | D33: =IF(OR(A33="",C33=0),"",SUMIFS(RECHECKS!$F$2:$F$2000,RECHECKS!$C$2:$C$2000,A33,RECHECKS!$G$2:$G$2000,1)/(5*C33)) | E33: =IF(OR(A33="",C33=0),"",SUMIFS(RECHECKS!$D$2:$D$2000,RECHECKS!$C$2:$C$2000,A33,RECHECKS!$G$2:$G$2000,1)/(3*C33)) | F33: =IF(D33="","",(E33-D33)*100) | G33: =IF(A33="","",INDEX(CHECKS!$F$2:$F$2000,MATCH(A33,CHECKS!$A$2:$A$2000,0))&"") | H33: =IF(OR(A33="",G33=""),"",SUMIFS(RECHECKS!$J$2:$J$2000,RECHECKS!$C$2:$C$2000,A33)) | I33: =IF(OR(H33="",H33=0),"",SUMIFS(RECHECKS!$I$2:$I$2000,RECHECKS!$C$2:$C$2000,A33,RECHECKS!$J$2:$J$2000,1)/(5*H33)) | J33: =IF(OR(H33="",H33=0),"",SUMIFS(RECHECKS!$E$2:$E$2000,RECHECKS!$C$2:$C$2000,A33,RECHECKS!$J$2:$J$2000,1)/(2*H33)) | K33: =IF(I33="","",(J33-I33)*100) | L33: =IF(F33="","",IF(K33="",F33,F33-K33)) | M33: =IF(A33="","",(SUMIFS(SCORES!$D$2:$D$2000,SCORES!$C$2:$C$2000,A33)/(5*COUNTIFS(SCORES!$C$2:$C$2000,A33,SCORES!$D$2:$D$2000,">=0"))-SUMIFS(SCORES!$D$2:$D$2000,SCORES!$D$2:$D$2000,">=0")/(5*COUNTIFS(SCORES!$D$2:$D$2000,">=0")))*100) | N33: =IF(B33="","",IFERROR(INDEX(UNITS!$E$2:$E$2000,MATCH(B33,UNITS!$A$2:$A$2000,0)),"")) | O33: =IF(A33="","",IFERROR(COUNTIFS(SCORES!$C$2:$C$2000,A33,SCORES!$B$2:$B$2000,"C",SCORES!$D$2:$D$2000,">=4")/COUNTIFS(SCORES!$C$2:$C$2000,A33,SCORES!$B$2:$B$2000,"C",SCORES!$D$2:$D$2000,">=0"),"")) | P33: =IF(A33="","",IFERROR(COUNTIFS(SCORES!$C$2:$C$2000,A33,SCORES!$B$2:$B$2000,"J",SCORES!$D$2:$D$2000,">=4")/COUNTIFS(SCORES!$C$2:$C$2000,A33,SCORES!$B$2:$B$2000,"J",SCORES!$D$2:$D$2000,">=0"),"")) | Q33: =IF(OR(O33="",P33=""),"",(O33-P33)*100)
A34: {=IFERROR(INDEX(CHECKS!$A$2:$A$2000,SMALL(IF(CHECKS!$E$2:$E$2000="y",ROW(CHECKS!$E$2:$E$2000)-1),30)),"")} | B34: =IF(A34="","",INDEX(CHECKS!$C$2:$C$2000,MATCH(A34,CHECKS!$A$2:$A$2000,0))) | C34: =IF(A34="","",SUMIFS(RECHECKS!$G$2:$G$2000,RECHECKS!$C$2:$C$2000,A34)) | D34: =IF(OR(A34="",C34=0),"",SUMIFS(RECHECKS!$F$2:$F$2000,RECHECKS!$C$2:$C$2000,A34,RECHECKS!$G$2:$G$2000,1)/(5*C34)) | E34: =IF(OR(A34="",C34=0),"",SUMIFS(RECHECKS!$D$2:$D$2000,RECHECKS!$C$2:$C$2000,A34,RECHECKS!$G$2:$G$2000,1)/(3*C34)) | F34: =IF(D34="","",(E34-D34)*100) | G34: =IF(A34="","",INDEX(CHECKS!$F$2:$F$2000,MATCH(A34,CHECKS!$A$2:$A$2000,0))&"") | H34: =IF(OR(A34="",G34=""),"",SUMIFS(RECHECKS!$J$2:$J$2000,RECHECKS!$C$2:$C$2000,A34)) | I34: =IF(OR(H34="",H34=0),"",SUMIFS(RECHECKS!$I$2:$I$2000,RECHECKS!$C$2:$C$2000,A34,RECHECKS!$J$2:$J$2000,1)/(5*H34)) | J34: =IF(OR(H34="",H34=0),"",SUMIFS(RECHECKS!$E$2:$E$2000,RECHECKS!$C$2:$C$2000,A34,RECHECKS!$J$2:$J$2000,1)/(2*H34)) | K34: =IF(I34="","",(J34-I34)*100) | L34: =IF(F34="","",IF(K34="",F34,F34-K34)) | M34: =IF(A34="","",(SUMIFS(SCORES!$D$2:$D$2000,SCORES!$C$2:$C$2000,A34)/(5*COUNTIFS(SCORES!$C$2:$C$2000,A34,SCORES!$D$2:$D$2000,">=0"))-SUMIFS(SCORES!$D$2:$D$2000,SCORES!$D$2:$D$2000,">=0")/(5*COUNTIFS(SCORES!$D$2:$D$2000,">=0")))*100) | N34: =IF(B34="","",IFERROR(INDEX(UNITS!$E$2:$E$2000,MATCH(B34,UNITS!$A$2:$A$2000,0)),"")) | O34: =IF(A34="","",IFERROR(COUNTIFS(SCORES!$C$2:$C$2000,A34,SCORES!$B$2:$B$2000,"C",SCORES!$D$2:$D$2000,">=4")/COUNTIFS(SCORES!$C$2:$C$2000,A34,SCORES!$B$2:$B$2000,"C",SCORES!$D$2:$D$2000,">=0"),"")) | P34: =IF(A34="","",IFERROR(COUNTIFS(SCORES!$C$2:$C$2000,A34,SCORES!$B$2:$B$2000,"J",SCORES!$D$2:$D$2000,">=4")/COUNTIFS(SCORES!$C$2:$C$2000,A34,SCORES!$B$2:$B$2000,"J",SCORES!$D$2:$D$2000,">=0"),"")) | Q34: =IF(OR(O34="",P34=""),"",(O34-P34)*100)
A35: {=IFERROR(INDEX(CHECKS!$A$2:$A$2000,SMALL(IF(CHECKS!$E$2:$E$2000="y",ROW(CHECKS!$E$2:$E$2000)-1),31)),"")} | B35: =IF(A35="","",INDEX(CHECKS!$C$2:$C$2000,MATCH(A35,CHECKS!$A$2:$A$2000,0))) | C35: =IF(A35="","",SUMIFS(RECHECKS!$G$2:$G$2000,RECHECKS!$C$2:$C$2000,A35)) | D35: =IF(OR(A35="",C35=0),"",SUMIFS(RECHECKS!$F$2:$F$2000,RECHECKS!$C$2:$C$2000,A35,RECHECKS!$G$2:$G$2000,1)/(5*C35)) | E35: =IF(OR(A35="",C35=0),"",SUMIFS(RECHECKS!$D$2:$D$2000,RECHECKS!$C$2:$C$2000,A35,RECHECKS!$G$2:$G$2000,1)/(3*C35)) | F35: =IF(D35="","",(E35-D35)*100) | G35: =IF(A35="","",INDEX(CHECKS!$F$2:$F$2000,MATCH(A35,CHECKS!$A$2:$A$2000,0))&"") | H35: =IF(OR(A35="",G35=""),"",SUMIFS(RECHECKS!$J$2:$J$2000,RECHECKS!$C$2:$C$2000,A35)) | I35: =IF(OR(H35="",H35=0),"",SUMIFS(RECHECKS!$I$2:$I$2000,RECHECKS!$C$2:$C$2000,A35,RECHECKS!$J$2:$J$2000,1)/(5*H35)) | J35: =IF(OR(H35="",H35=0),"",SUMIFS(RECHECKS!$E$2:$E$2000,RECHECKS!$C$2:$C$2000,A35,RECHECKS!$J$2:$J$2000,1)/(2*H35)) | K35: =IF(I35="","",(J35-I35)*100) | L35: =IF(F35="","",IF(K35="",F35,F35-K35)) | M35: =IF(A35="","",(SUMIFS(SCORES!$D$2:$D$2000,SCORES!$C$2:$C$2000,A35)/(5*COUNTIFS(SCORES!$C$2:$C$2000,A35,SCORES!$D$2:$D$2000,">=0"))-SUMIFS(SCORES!$D$2:$D$2000,SCORES!$D$2:$D$2000,">=0")/(5*COUNTIFS(SCORES!$D$2:$D$2000,">=0")))*100) | N35: =IF(B35="","",IFERROR(INDEX(UNITS!$E$2:$E$2000,MATCH(B35,UNITS!$A$2:$A$2000,0)),"")) | O35: =IF(A35="","",IFERROR(COUNTIFS(SCORES!$C$2:$C$2000,A35,SCORES!$B$2:$B$2000,"C",SCORES!$D$2:$D$2000,">=4")/COUNTIFS(SCORES!$C$2:$C$2000,A35,SCORES!$B$2:$B$2000,"C",SCORES!$D$2:$D$2000,">=0"),"")) | P35: =IF(A35="","",IFERROR(COUNTIFS(SCORES!$C$2:$C$2000,A35,SCORES!$B$2:$B$2000,"J",SCORES!$D$2:$D$2000,">=4")/COUNTIFS(SCORES!$C$2:$C$2000,A35,SCORES!$B$2:$B$2000,"J",SCORES!$D$2:$D$2000,">=0"),"")) | Q35: =IF(OR(O35="",P35=""),"",(O35-P35)*100)
A36: {=IFERROR(INDEX(CHECKS!$A$2:$A$2000,SMALL(IF(CHECKS!$E$2:$E$2000="y",ROW(CHECKS!$E$2:$E$2000)-1),32)),"")} | B36: =IF(A36="","",INDEX(CHECKS!$C$2:$C$2000,MATCH(A36,CHECKS!$A$2:$A$2000,0))) | C36: =IF(A36="","",SUMIFS(RECHECKS!$G$2:$G$2000,RECHECKS!$C$2:$C$2000,A36)) | D36: =IF(OR(A36="",C36=0),"",SUMIFS(RECHECKS!$F$2:$F$2000,RECHECKS!$C$2:$C$2000,A36,RECHECKS!$G$2:$G$2000,1)/(5*C36)) | E36: =IF(OR(A36="",C36=0),"",SUMIFS(RECHECKS!$D$2:$D$2000,RECHECKS!$C$2:$C$2000,A36,RECHECKS!$G$2:$G$2000,1)/(3*C36)) | F36: =IF(D36="","",(E36-D36)*100) | G36: =IF(A36="","",INDEX(CHECKS!$F$2:$F$2000,MATCH(A36,CHECKS!$A$2:$A$2000,0))&"") | H36: =IF(OR(A36="",G36=""),"",SUMIFS(RECHECKS!$J$2:$J$2000,RECHECKS!$C$2:$C$2000,A36)) | I36: =IF(OR(H36="",H36=0),"",SUMIFS(RECHECKS!$I$2:$I$2000,RECHECKS!$C$2:$C$2000,A36,RECHECKS!$J$2:$J$2000,1)/(5*H36)) | J36: =IF(OR(H36="",H36=0),"",SUMIFS(RECHECKS!$E$2:$E$2000,RECHECKS!$C$2:$C$2000,A36,RECHECKS!$J$2:$J$2000,1)/(2*H36)) | K36: =IF(I36="","",(J36-I36)*100) | L36: =IF(F36="","",IF(K36="",F36,F36-K36)) | M36: =IF(A36="","",(SUMIFS(SCORES!$D$2:$D$2000,SCORES!$C$2:$C$2000,A36)/(5*COUNTIFS(SCORES!$C$2:$C$2000,A36,SCORES!$D$2:$D$2000,">=0"))-SUMIFS(SCORES!$D$2:$D$2000,SCORES!$D$2:$D$2000,">=0")/(5*COUNTIFS(SCORES!$D$2:$D$2000,">=0")))*100) | N36: =IF(B36="","",IFERROR(INDEX(UNITS!$E$2:$E$2000,MATCH(B36,UNITS!$A$2:$A$2000,0)),"")) | O36: =IF(A36="","",IFERROR(COUNTIFS(SCORES!$C$2:$C$2000,A36,SCORES!$B$2:$B$2000,"C",SCORES!$D$2:$D$2000,">=4")/COUNTIFS(SCORES!$C$2:$C$2000,A36,SCORES!$B$2:$B$2000,"C",SCORES!$D$2:$D$2000,">=0"),"")) | P36: =IF(A36="","",IFERROR(COUNTIFS(SCORES!$C$2:$C$2000,A36,SCORES!$B$2:$B$2000,"J",SCORES!$D$2:$D$2000,">=4")/COUNTIFS(SCORES!$C$2:$C$2000,A36,SCORES!$B$2:$B$2000,"J",SCORES!$D$2:$D$2000,">=0"),"")) | Q36: =IF(OR(O36="",P36=""),"",(O36-P36)*100)
A37: {=IFERROR(INDEX(CHECKS!$A$2:$A$2000,SMALL(IF(CHECKS!$E$2:$E$2000="y",ROW(CHECKS!$E$2:$E$2000)-1),33)),"")} | B37: =IF(A37="","",INDEX(CHECKS!$C$2:$C$2000,MATCH(A37,CHECKS!$A$2:$A$2000,0))) | C37: =IF(A37="","",SUMIFS(RECHECKS!$G$2:$G$2000,RECHECKS!$C$2:$C$2000,A37)) | D37: =IF(OR(A37="",C37=0),"",SUMIFS(RECHECKS!$F$2:$F$2000,RECHECKS!$C$2:$C$2000,A37,RECHECKS!$G$2:$G$2000,1)/(5*C37)) | E37: =IF(OR(A37="",C37=0),"",SUMIFS(RECHECKS!$D$2:$D$2000,RECHECKS!$C$2:$C$2000,A37,RECHECKS!$G$2:$G$2000,1)/(3*C37)) | F37: =IF(D37="","",(E37-D37)*100) | G37: =IF(A37="","",INDEX(CHECKS!$F$2:$F$2000,MATCH(A37,CHECKS!$A$2:$A$2000,0))&"") | H37: =IF(OR(A37="",G37=""),"",SUMIFS(RECHECKS!$J$2:$J$2000,RECHECKS!$C$2:$C$2000,A37)) | I37: =IF(OR(H37="",H37=0),"",SUMIFS(RECHECKS!$I$2:$I$2000,RECHECKS!$C$2:$C$2000,A37,RECHECKS!$J$2:$J$2000,1)/(5*H37)) | J37: =IF(OR(H37="",H37=0),"",SUMIFS(RECHECKS!$E$2:$E$2000,RECHECKS!$C$2:$C$2000,A37,RECHECKS!$J$2:$J$2000,1)/(2*H37)) | K37: =IF(I37="","",(J37-I37)*100) | L37: =IF(F37="","",IF(K37="",F37,F37-K37)) | M37: =IF(A37="","",(SUMIFS(SCORES!$D$2:$D$2000,SCORES!$C$2:$C$2000,A37)/(5*COUNTIFS(SCORES!$C$2:$C$2000,A37,SCORES!$D$2:$D$2000,">=0"))-SUMIFS(SCORES!$D$2:$D$2000,SCORES!$D$2:$D$2000,">=0")/(5*COUNTIFS(SCORES!$D$2:$D$2000,">=0")))*100) | N37: =IF(B37="","",IFERROR(INDEX(UNITS!$E$2:$E$2000,MATCH(B37,UNITS!$A$2:$A$2000,0)),"")) | O37: =IF(A37="","",IFERROR(COUNTIFS(SCORES!$C$2:$C$2000,A37,SCORES!$B$2:$B$2000,"C",SCORES!$D$2:$D$2000,">=4")/COUNTIFS(SCORES!$C$2:$C$2000,A37,SCORES!$B$2:$B$2000,"C",SCORES!$D$2:$D$2000,">=0"),"")) | P37: =IF(A37="","",IFERROR(COUNTIFS(SCORES!$C$2:$C$2000,A37,SCORES!$B$2:$B$2000,"J",SCORES!$D$2:$D$2000,">=4")/COUNTIFS(SCORES!$C$2:$C$2000,A37,SCORES!$B$2:$B$2000,"J",SCORES!$D$2:$D$2000,">=0"),"")) | Q37: =IF(OR(O37="",P37=""),"",(O37-P37)*100)
A38: {=IFERROR(INDEX(CHECKS!$A$2:$A$2000,SMALL(IF(CHECKS!$E$2:$E$2000="y",ROW(CHECKS!$E$2:$E$2000)-1),34)),"")} | B38: =IF(A38="","",INDEX(CHECKS!$C$2:$C$2000,MATCH(A38,CHECKS!$A$2:$A$2000,0))) | C38: =IF(A38="","",SUMIFS(RECHECKS!$G$2:$G$2000,RECHECKS!$C$2:$C$2000,A38)) | D38: =IF(OR(A38="",C38=0),"",SUMIFS(RECHECKS!$F$2:$F$2000,RECHECKS!$C$2:$C$2000,A38,RECHECKS!$G$2:$G$2000,1)/(5*C38)) | E38: =IF(OR(A38="",C38=0),"",SUMIFS(RECHECKS!$D$2:$D$2000,RECHECKS!$C$2:$C$2000,A38,RECHECKS!$G$2:$G$2000,1)/(3*C38)) | F38: =IF(D38="","",(E38-D38)*100) | G38: =IF(A38="","",INDEX(CHECKS!$F$2:$F$2000,MATCH(A38,CHECKS!$A$2:$A$2000,0))&"") | H38: =IF(OR(A38="",G38=""),"",SUMIFS(RECHECKS!$J$2:$J$2000,RECHECKS!$C$2:$C$2000,A38)) | I38: =IF(OR(H38="",H38=0),"",SUMIFS(RECHECKS!$I$2:$I$2000,RECHECKS!$C$2:$C$2000,A38,RECHECKS!$J$2:$J$2000,1)/(5*H38)) | J38: =IF(OR(H38="",H38=0),"",SUMIFS(RECHECKS!$E$2:$E$2000,RECHECKS!$C$2:$C$2000,A38,RECHECKS!$J$2:$J$2000,1)/(2*H38)) | K38: =IF(I38="","",(J38-I38)*100) | L38: =IF(F38="","",IF(K38="",F38,F38-K38)) | M38: =IF(A38="","",(SUMIFS(SCORES!$D$2:$D$2000,SCORES!$C$2:$C$2000,A38)/(5*COUNTIFS(SCORES!$C$2:$C$2000,A38,SCORES!$D$2:$D$2000,">=0"))-SUMIFS(SCORES!$D$2:$D$2000,SCORES!$D$2:$D$2000,">=0")/(5*COUNTIFS(SCORES!$D$2:$D$2000,">=0")))*100) | N38: =IF(B38="","",IFERROR(INDEX(UNITS!$E$2:$E$2000,MATCH(B38,UNITS!$A$2:$A$2000,0)),"")) | O38: =IF(A38="","",IFERROR(COUNTIFS(SCORES!$C$2:$C$2000,A38,SCORES!$B$2:$B$2000,"C",SCORES!$D$2:$D$2000,">=4")/COUNTIFS(SCORES!$C$2:$C$2000,A38,SCORES!$B$2:$B$2000,"C",SCORES!$D$2:$D$2000,">=0"),"")) | P38: =IF(A38="","",IFERROR(COUNTIFS(SCORES!$C$2:$C$2000,A38,SCORES!$B$2:$B$2000,"J",SCORES!$D$2:$D$2000,">=4")/COUNTIFS(SCORES!$C$2:$C$2000,A38,SCORES!$B$2:$B$2000,"J",SCORES!$D$2:$D$2000,">=0"),"")) | Q38: =IF(OR(O38="",P38=""),"",(O38-P38)*100)
A39: {=IFERROR(INDEX(CHECKS!$A$2:$A$2000,SMALL(IF(CHECKS!$E$2:$E$2000="y",ROW(CHECKS!$E$2:$E$2000)-1),35)),"")} | B39: =IF(A39="","",INDEX(CHECKS!$C$2:$C$2000,MATCH(A39,CHECKS!$A$2:$A$2000,0))) | C39: =IF(A39="","",SUMIFS(RECHECKS!$G$2:$G$2000,RECHECKS!$C$2:$C$2000,A39)) | D39: =IF(OR(A39="",C39=0),"",SUMIFS(RECHECKS!$F$2:$F$2000,RECHECKS!$C$2:$C$2000,A39,RECHECKS!$G$2:$G$2000,1)/(5*C39)) | E39: =IF(OR(A39="",C39=0),"",SUMIFS(RECHECKS!$D$2:$D$2000,RECHECKS!$C$2:$C$2000,A39,RECHECKS!$G$2:$G$2000,1)/(3*C39)) | F39: =IF(D39="","",(E39-D39)*100) | G39: =IF(A39="","",INDEX(CHECKS!$F$2:$F$2000,MATCH(A39,CHECKS!$A$2:$A$2000,0))&"") | H39: =IF(OR(A39="",G39=""),"",SUMIFS(RECHECKS!$J$2:$J$2000,RECHECKS!$C$2:$C$2000,A39)) | I39: =IF(OR(H39="",H39=0),"",SUMIFS(RECHECKS!$I$2:$I$2000,RECHECKS!$C$2:$C$2000,A39,RECHECKS!$J$2:$J$2000,1)/(5*H39)) | J39: =IF(OR(H39="",H39=0),"",SUMIFS(RECHECKS!$E$2:$E$2000,RECHECKS!$C$2:$C$2000,A39,RECHECKS!$J$2:$J$2000,1)/(2*H39)) | K39: =IF(I39="","",(J39-I39)*100) | L39: =IF(F39="","",IF(K39="",F39,F39-K39)) | M39: =IF(A39="","",(SUMIFS(SCORES!$D$2:$D$2000,SCORES!$C$2:$C$2000,A39)/(5*COUNTIFS(SCORES!$C$2:$C$2000,A39,SCORES!$D$2:$D$2000,">=0"))-SUMIFS(SCORES!$D$2:$D$2000,SCORES!$D$2:$D$2000,">=0")/(5*COUNTIFS(SCORES!$D$2:$D$2000,">=0")))*100) | N39: =IF(B39="","",IFERROR(INDEX(UNITS!$E$2:$E$2000,MATCH(B39,UNITS!$A$2:$A$2000,0)),"")) | O39: =IF(A39="","",IFERROR(COUNTIFS(SCORES!$C$2:$C$2000,A39,SCORES!$B$2:$B$2000,"C",SCORES!$D$2:$D$2000,">=4")/COUNTIFS(SCORES!$C$2:$C$2000,A39,SCORES!$B$2:$B$2000,"C",SCORES!$D$2:$D$2000,">=0"),"")) | P39: =IF(A39="","",IFERROR(COUNTIFS(SCORES!$C$2:$C$2000,A39,SCORES!$B$2:$B$2000,"J",SCORES!$D$2:$D$2000,">=4")/COUNTIFS(SCORES!$C$2:$C$2000,A39,SCORES!$B$2:$B$2000,"J",SCORES!$D$2:$D$2000,">=0"),"")) | Q39: =IF(OR(O39="",P39=""),"",(O39-P39)*100)
A40: {=IFERROR(INDEX(CHECKS!$A$2:$A$2000,SMALL(IF(CHECKS!$E$2:$E$2000="y",ROW(CHECKS!$E$2:$E$2000)-1),36)),"")} | B40: =IF(A40="","",INDEX(CHECKS!$C$2:$C$2000,MATCH(A40,CHECKS!$A$2:$A$2000,0))) | C40: =IF(A40="","",SUMIFS(RECHECKS!$G$2:$G$2000,RECHECKS!$C$2:$C$2000,A40)) | D40: =IF(OR(A40="",C40=0),"",SUMIFS(RECHECKS!$F$2:$F$2000,RECHECKS!$C$2:$C$2000,A40,RECHECKS!$G$2:$G$2000,1)/(5*C40)) | E40: =IF(OR(A40="",C40=0),"",SUMIFS(RECHECKS!$D$2:$D$2000,RECHECKS!$C$2:$C$2000,A40,RECHECKS!$G$2:$G$2000,1)/(3*C40)) | F40: =IF(D40="","",(E40-D40)*100) | G40: =IF(A40="","",INDEX(CHECKS!$F$2:$F$2000,MATCH(A40,CHECKS!$A$2:$A$2000,0))&"") | H40: =IF(OR(A40="",G40=""),"",SUMIFS(RECHECKS!$J$2:$J$2000,RECHECKS!$C$2:$C$2000,A40)) | I40: =IF(OR(H40="",H40=0),"",SUMIFS(RECHECKS!$I$2:$I$2000,RECHECKS!$C$2:$C$2000,A40,RECHECKS!$J$2:$J$2000,1)/(5*H40)) | J40: =IF(OR(H40="",H40=0),"",SUMIFS(RECHECKS!$E$2:$E$2000,RECHECKS!$C$2:$C$2000,A40,RECHECKS!$J$2:$J$2000,1)/(2*H40)) | K40: =IF(I40="","",(J40-I40)*100) | L40: =IF(F40="","",IF(K40="",F40,F40-K40)) | M40: =IF(A40="","",(SUMIFS(SCORES!$D$2:$D$2000,SCORES!$C$2:$C$2000,A40)/(5*COUNTIFS(SCORES!$C$2:$C$2000,A40,SCORES!$D$2:$D$2000,">=0"))-SUMIFS(SCORES!$D$2:$D$2000,SCORES!$D$2:$D$2000,">=0")/(5*COUNTIFS(SCORES!$D$2:$D$2000,">=0")))*100) | N40: =IF(B40="","",IFERROR(INDEX(UNITS!$E$2:$E$2000,MATCH(B40,UNITS!$A$2:$A$2000,0)),"")) | O40: =IF(A40="","",IFERROR(COUNTIFS(SCORES!$C$2:$C$2000,A40,SCORES!$B$2:$B$2000,"C",SCORES!$D$2:$D$2000,">=4")/COUNTIFS(SCORES!$C$2:$C$2000,A40,SCORES!$B$2:$B$2000,"C",SCORES!$D$2:$D$2000,">=0"),"")) | P40: =IF(A40="","",IFERROR(COUNTIFS(SCORES!$C$2:$C$2000,A40,SCORES!$B$2:$B$2000,"J",SCORES!$D$2:$D$2000,">=4")/COUNTIFS(SCORES!$C$2:$C$2000,A40,SCORES!$B$2:$B$2000,"J",SCORES!$D$2:$D$2000,">=0"),"")) | Q40: =IF(OR(O40="",P40=""),"",(O40-P40)*100)
A41: {=IFERROR(INDEX(CHECKS!$A$2:$A$2000,SMALL(IF(CHECKS!$E$2:$E$2000="y",ROW(CHECKS!$E$2:$E$2000)-1),37)),"")} | B41: =IF(A41="","",INDEX(CHECKS!$C$2:$C$2000,MATCH(A41,CHECKS!$A$2:$A$2000,0))) | C41: =IF(A41="","",SUMIFS(RECHECKS!$G$2:$G$2000,RECHECKS!$C$2:$C$2000,A41)) | D41: =IF(OR(A41="",C41=0),"",SUMIFS(RECHECKS!$F$2:$F$2000,RECHECKS!$C$2:$C$2000,A41,RECHECKS!$G$2:$G$2000,1)/(5*C41)) | E41: =IF(OR(A41="",C41=0),"",SUMIFS(RECHECKS!$D$2:$D$2000,RECHECKS!$C$2:$C$2000,A41,RECHECKS!$G$2:$G$2000,1)/(3*C41)) | F41: =IF(D41="","",(E41-D41)*100) | G41: =IF(A41="","",INDEX(CHECKS!$F$2:$F$2000,MATCH(A41,CHECKS!$A$2:$A$2000,0))&"") | H41: =IF(OR(A41="",G41=""),"",SUMIFS(RECHECKS!$J$2:$J$2000,RECHECKS!$C$2:$C$2000,A41)) | I41: =IF(OR(H41="",H41=0),"",SUMIFS(RECHECKS!$I$2:$I$2000,RECHECKS!$C$2:$C$2000,A41,RECHECKS!$J$2:$J$2000,1)/(5*H41)) | J41: =IF(OR(H41="",H41=0),"",SUMIFS(RECHECKS!$E$2:$E$2000,RECHECKS!$C$2:$C$2000,A41,RECHECKS!$J$2:$J$2000,1)/(2*H41)) | K41: =IF(I41="","",(J41-I41)*100) | L41: =IF(F41="","",IF(K41="",F41,F41-K41)) | M41: =IF(A41="","",(SUMIFS(SCORES!$D$2:$D$2000,SCORES!$C$2:$C$2000,A41)/(5*COUNTIFS(SCORES!$C$2:$C$2000,A41,SCORES!$D$2:$D$2000,">=0"))-SUMIFS(SCORES!$D$2:$D$2000,SCORES!$D$2:$D$2000,">=0")/(5*COUNTIFS(SCORES!$D$2:$D$2000,">=0")))*100) | N41: =IF(B41="","",IFERROR(INDEX(UNITS!$E$2:$E$2000,MATCH(B41,UNITS!$A$2:$A$2000,0)),"")) | O41: =IF(A41="","",IFERROR(COUNTIFS(SCORES!$C$2:$C$2000,A41,SCORES!$B$2:$B$2000,"C",SCORES!$D$2:$D$2000,">=4")/COUNTIFS(SCORES!$C$2:$C$2000,A41,SCORES!$B$2:$B$2000,"C",SCORES!$D$2:$D$2000,">=0"),"")) | P41: =IF(A41="","",IFERROR(COUNTIFS(SCORES!$C$2:$C$2000,A41,SCORES!$B$2:$B$2000,"J",SCORES!$D$2:$D$2000,">=4")/COUNTIFS(SCORES!$C$2:$C$2000,A41,SCORES!$B$2:$B$2000,"J",SCORES!$D$2:$D$2000,">=0"),"")) | Q41: =IF(OR(O41="",P41=""),"",(O41-P41)*100)
A42: {=IFERROR(INDEX(CHECKS!$A$2:$A$2000,SMALL(IF(CHECKS!$E$2:$E$2000="y",ROW(CHECKS!$E$2:$E$2000)-1),38)),"")} | B42: =IF(A42="","",INDEX(CHECKS!$C$2:$C$2000,MATCH(A42,CHECKS!$A$2:$A$2000,0))) | C42: =IF(A42="","",SUMIFS(RECHECKS!$G$2:$G$2000,RECHECKS!$C$2:$C$2000,A42)) | D42: =IF(OR(A42="",C42=0),"",SUMIFS(RECHECKS!$F$2:$F$2000,RECHECKS!$C$2:$C$2000,A42,RECHECKS!$G$2:$G$2000,1)/(5*C42)) | E42: =IF(OR(A42="",C42=0),"",SUMIFS(RECHECKS!$D$2:$D$2000,RECHECKS!$C$2:$C$2000,A42,RECHECKS!$G$2:$G$2000,1)/(3*C42)) | F42: =IF(D42="","",(E42-D42)*100) | G42: =IF(A42="","",INDEX(CHECKS!$F$2:$F$2000,MATCH(A42,CHECKS!$A$2:$A$2000,0))&"") | H42: =IF(OR(A42="",G42=""),"",SUMIFS(RECHECKS!$J$2:$J$2000,RECHECKS!$C$2:$C$2000,A42)) | I42: =IF(OR(H42="",H42=0),"",SUMIFS(RECHECKS!$I$2:$I$2000,RECHECKS!$C$2:$C$2000,A42,RECHECKS!$J$2:$J$2000,1)/(5*H42)) | J42: =IF(OR(H42="",H42=0),"",SUMIFS(RECHECKS!$E$2:$E$2000,RECHECKS!$C$2:$C$2000,A42,RECHECKS!$J$2:$J$2000,1)/(2*H42)) | K42: =IF(I42="","",(J42-I42)*100) | L42: =IF(F42="","",IF(K42="",F42,F42-K42)) | M42: =IF(A42="","",(SUMIFS(SCORES!$D$2:$D$2000,SCORES!$C$2:$C$2000,A42)/(5*COUNTIFS(SCORES!$C$2:$C$2000,A42,SCORES!$D$2:$D$2000,">=0"))-SUMIFS(SCORES!$D$2:$D$2000,SCORES!$D$2:$D$2000,">=0")/(5*COUNTIFS(SCORES!$D$2:$D$2000,">=0")))*100) | N42: =IF(B42="","",IFERROR(INDEX(UNITS!$E$2:$E$2000,MATCH(B42,UNITS!$A$2:$A$2000,0)),"")) | O42: =IF(A42="","",IFERROR(COUNTIFS(SCORES!$C$2:$C$2000,A42,SCORES!$B$2:$B$2000,"C",SCORES!$D$2:$D$2000,">=4")/COUNTIFS(SCORES!$C$2:$C$2000,A42,SCORES!$B$2:$B$2000,"C",SCORES!$D$2:$D$2000,">=0"),"")) | P42: =IF(A42="","",IFERROR(COUNTIFS(SCORES!$C$2:$C$2000,A42,SCORES!$B$2:$B$2000,"J",SCORES!$D$2:$D$2000,">=4")/COUNTIFS(SCORES!$C$2:$C$2000,A42,SCORES!$B$2:$B$2000,"J",SCORES!$D$2:$D$2000,">=0"),"")) | Q42: =IF(OR(O42="",P42=""),"",(O42-P42)*100)
A43: {=IFERROR(INDEX(CHECKS!$A$2:$A$2000,SMALL(IF(CHECKS!$E$2:$E$2000="y",ROW(CHECKS!$E$2:$E$2000)-1),39)),"")} | B43: =IF(A43="","",INDEX(CHECKS!$C$2:$C$2000,MATCH(A43,CHECKS!$A$2:$A$2000,0))) | C43: =IF(A43="","",SUMIFS(RECHECKS!$G$2:$G$2000,RECHECKS!$C$2:$C$2000,A43)) | D43: =IF(OR(A43="",C43=0),"",SUMIFS(RECHECKS!$F$2:$F$2000,RECHECKS!$C$2:$C$2000,A43,RECHECKS!$G$2:$G$2000,1)/(5*C43)) | E43: =IF(OR(A43="",C43=0),"",SUMIFS(RECHECKS!$D$2:$D$2000,RECHECKS!$C$2:$C$2000,A43,RECHECKS!$G$2:$G$2000,1)/(3*C43)) | F43: =IF(D43="","",(E43-D43)*100) | G43: =IF(A43="","",INDEX(CHECKS!$F$2:$F$2000,MATCH(A43,CHECKS!$A$2:$A$2000,0))&"") | H43: =IF(OR(A43="",G43=""),"",SUMIFS(RECHECKS!$J$2:$J$2000,RECHECKS!$C$2:$C$2000,A43)) | I43: =IF(OR(H43="",H43=0),"",SUMIFS(RECHECKS!$I$2:$I$2000,RECHECKS!$C$2:$C$2000,A43,RECHECKS!$J$2:$J$2000,1)/(5*H43)) | J43: =IF(OR(H43="",H43=0),"",SUMIFS(RECHECKS!$E$2:$E$2000,RECHECKS!$C$2:$C$2000,A43,RECHECKS!$J$2:$J$2000,1)/(2*H43)) | K43: =IF(I43="","",(J43-I43)*100) | L43: =IF(F43="","",IF(K43="",F43,F43-K43)) | M43: =IF(A43="","",(SUMIFS(SCORES!$D$2:$D$2000,SCORES!$C$2:$C$2000,A43)/(5*COUNTIFS(SCORES!$C$2:$C$2000,A43,SCORES!$D$2:$D$2000,">=0"))-SUMIFS(SCORES!$D$2:$D$2000,SCORES!$D$2:$D$2000,">=0")/(5*COUNTIFS(SCORES!$D$2:$D$2000,">=0")))*100) | N43: =IF(B43="","",IFERROR(INDEX(UNITS!$E$2:$E$2000,MATCH(B43,UNITS!$A$2:$A$2000,0)),"")) | O43: =IF(A43="","",IFERROR(COUNTIFS(SCORES!$C$2:$C$2000,A43,SCORES!$B$2:$B$2000,"C",SCORES!$D$2:$D$2000,">=4")/COUNTIFS(SCORES!$C$2:$C$2000,A43,SCORES!$B$2:$B$2000,"C",SCORES!$D$2:$D$2000,">=0"),"")) | P43: =IF(A43="","",IFERROR(COUNTIFS(SCORES!$C$2:$C$2000,A43,SCORES!$B$2:$B$2000,"J",SCORES!$D$2:$D$2000,">=4")/COUNTIFS(SCORES!$C$2:$C$2000,A43,SCORES!$B$2:$B$2000,"J",SCORES!$D$2:$D$2000,">=0"),"")) | Q43: =IF(OR(O43="",P43=""),"",(O43-P43)*100)
A44: {=IFERROR(INDEX(CHECKS!$A$2:$A$2000,SMALL(IF(CHECKS!$E$2:$E$2000="y",ROW(CHECKS!$E$2:$E$2000)-1),40)),"")} | B44: =IF(A44="","",INDEX(CHECKS!$C$2:$C$2000,MATCH(A44,CHECKS!$A$2:$A$2000,0))) | C44: =IF(A44="","",SUMIFS(RECHECKS!$G$2:$G$2000,RECHECKS!$C$2:$C$2000,A44)) | D44: =IF(OR(A44="",C44=0),"",SUMIFS(RECHECKS!$F$2:$F$2000,RECHECKS!$C$2:$C$2000,A44,RECHECKS!$G$2:$G$2000,1)/(5*C44)) | E44: =IF(OR(A44="",C44=0),"",SUMIFS(RECHECKS!$D$2:$D$2000,RECHECKS!$C$2:$C$2000,A44,RECHECKS!$G$2:$G$2000,1)/(3*C44)) | F44: =IF(D44="","",(E44-D44)*100) | G44: =IF(A44="","",INDEX(CHECKS!$F$2:$F$2000,MATCH(A44,CHECKS!$A$2:$A$2000,0))&"") | H44: =IF(OR(A44="",G44=""),"",SUMIFS(RECHECKS!$J$2:$J$2000,RECHECKS!$C$2:$C$2000,A44)) | I44: =IF(OR(H44="",H44=0),"",SUMIFS(RECHECKS!$I$2:$I$2000,RECHECKS!$C$2:$C$2000,A44,RECHECKS!$J$2:$J$2000,1)/(5*H44)) | J44: =IF(OR(H44="",H44=0),"",SUMIFS(RECHECKS!$E$2:$E$2000,RECHECKS!$C$2:$C$2000,A44,RECHECKS!$J$2:$J$2000,1)/(2*H44)) | K44: =IF(I44="","",(J44-I44)*100) | L44: =IF(F44="","",IF(K44="",F44,F44-K44)) | M44: =IF(A44="","",(SUMIFS(SCORES!$D$2:$D$2000,SCORES!$C$2:$C$2000,A44)/(5*COUNTIFS(SCORES!$C$2:$C$2000,A44,SCORES!$D$2:$D$2000,">=0"))-SUMIFS(SCORES!$D$2:$D$2000,SCORES!$D$2:$D$2000,">=0")/(5*COUNTIFS(SCORES!$D$2:$D$2000,">=0")))*100) | N44: =IF(B44="","",IFERROR(INDEX(UNITS!$E$2:$E$2000,MATCH(B44,UNITS!$A$2:$A$2000,0)),"")) | O44: =IF(A44="","",IFERROR(COUNTIFS(SCORES!$C$2:$C$2000,A44,SCORES!$B$2:$B$2000,"C",SCORES!$D$2:$D$2000,">=4")/COUNTIFS(SCORES!$C$2:$C$2000,A44,SCORES!$B$2:$B$2000,"C",SCORES!$D$2:$D$2000,">=0"),"")) | P44: =IF(A44="","",IFERROR(COUNTIFS(SCORES!$C$2:$C$2000,A44,SCORES!$B$2:$B$2000,"J",SCORES!$D$2:$D$2000,">=4")/COUNTIFS(SCORES!$C$2:$C$2000,A44,SCORES!$B$2:$B$2000,"J",SCORES!$D$2:$D$2000,">=0"),"")) | Q44: =IF(OR(O44="",P44=""),"",(O44-P44)*100)
A45: {=IFERROR(INDEX(CHECKS!$A$2:$A$2000,SMALL(IF(CHECKS!$E$2:$E$2000="y",ROW(CHECKS!$E$2:$E$2000)-1),41)),"")} | B45: =IF(A45="","",INDEX(CHECKS!$C$2:$C$2000,MATCH(A45,CHECKS!$A$2:$A$2000,0))) | C45: =IF(A45="","",SUMIFS(RECHECKS!$G$2:$G$2000,RECHECKS!$C$2:$C$2000,A45)) | D45: =IF(OR(A45="",C45=0),"",SUMIFS(RECHECKS!$F$2:$F$2000,RECHECKS!$C$2:$C$2000,A45,RECHECKS!$G$2:$G$2000,1)/(5*C45)) | E45: =IF(OR(A45="",C45=0),"",SUMIFS(RECHECKS!$D$2:$D$2000,RECHECKS!$C$2:$C$2000,A45,RECHECKS!$G$2:$G$2000,1)/(3*C45)) | F45: =IF(D45="","",(E45-D45)*100) | G45: =IF(A45="","",INDEX(CHECKS!$F$2:$F$2000,MATCH(A45,CHECKS!$A$2:$A$2000,0))&"") | H45: =IF(OR(A45="",G45=""),"",SUMIFS(RECHECKS!$J$2:$J$2000,RECHECKS!$C$2:$C$2000,A45)) | I45: =IF(OR(H45="",H45=0),"",SUMIFS(RECHECKS!$I$2:$I$2000,RECHECKS!$C$2:$C$2000,A45,RECHECKS!$J$2:$J$2000,1)/(5*H45)) | J45: =IF(OR(H45="",H45=0),"",SUMIFS(RECHECKS!$E$2:$E$2000,RECHECKS!$C$2:$C$2000,A45,RECHECKS!$J$2:$J$2000,1)/(2*H45)) | K45: =IF(I45="","",(J45-I45)*100) | L45: =IF(F45="","",IF(K45="",F45,F45-K45)) | M45: =IF(A45="","",(SUMIFS(SCORES!$D$2:$D$2000,SCORES!$C$2:$C$2000,A45)/(5*COUNTIFS(SCORES!$C$2:$C$2000,A45,SCORES!$D$2:$D$2000,">=0"))-SUMIFS(SCORES!$D$2:$D$2000,SCORES!$D$2:$D$2000,">=0")/(5*COUNTIFS(SCORES!$D$2:$D$2000,">=0")))*100) | N45: =IF(B45="","",IFERROR(INDEX(UNITS!$E$2:$E$2000,MATCH(B45,UNITS!$A$2:$A$2000,0)),"")) | O45: =IF(A45="","",IFERROR(COUNTIFS(SCORES!$C$2:$C$2000,A45,SCORES!$B$2:$B$2000,"C",SCORES!$D$2:$D$2000,">=4")/COUNTIFS(SCORES!$C$2:$C$2000,A45,SCORES!$B$2:$B$2000,"C",SCORES!$D$2:$D$2000,">=0"),"")) | P45: =IF(A45="","",IFERROR(COUNTIFS(SCORES!$C$2:$C$2000,A45,SCORES!$B$2:$B$2000,"J",SCORES!$D$2:$D$2000,">=4")/COUNTIFS(SCORES!$C$2:$C$2000,A45,SCORES!$B$2:$B$2000,"J",SCORES!$D$2:$D$2000,">=0"),"")) | Q45: =IF(OR(O45="",P45=""),"",(O45-P45)*100)
A46: {=IFERROR(INDEX(CHECKS!$A$2:$A$2000,SMALL(IF(CHECKS!$E$2:$E$2000="y",ROW(CHECKS!$E$2:$E$2000)-1),42)),"")} | B46: =IF(A46="","",INDEX(CHECKS!$C$2:$C$2000,MATCH(A46,CHECKS!$A$2:$A$2000,0))) | C46: =IF(A46="","",SUMIFS(RECHECKS!$G$2:$G$2000,RECHECKS!$C$2:$C$2000,A46)) | D46: =IF(OR(A46="",C46=0),"",SUMIFS(RECHECKS!$F$2:$F$2000,RECHECKS!$C$2:$C$2000,A46,RECHECKS!$G$2:$G$2000,1)/(5*C46)) | E46: =IF(OR(A46="",C46=0),"",SUMIFS(RECHECKS!$D$2:$D$2000,RECHECKS!$C$2:$C$2000,A46,RECHECKS!$G$2:$G$2000,1)/(3*C46)) | F46: =IF(D46="","",(E46-D46)*100) | G46: =IF(A46="","",INDEX(CHECKS!$F$2:$F$2000,MATCH(A46,CHECKS!$A$2:$A$2000,0))&"") | H46: =IF(OR(A46="",G46=""),"",SUMIFS(RECHECKS!$J$2:$J$2000,RECHECKS!$C$2:$C$2000,A46)) | I46: =IF(OR(H46="",H46=0),"",SUMIFS(RECHECKS!$I$2:$I$2000,RECHECKS!$C$2:$C$2000,A46,RECHECKS!$J$2:$J$2000,1)/(5*H46)) | J46: =IF(OR(H46="",H46=0),"",SUMIFS(RECHECKS!$E$2:$E$2000,RECHECKS!$C$2:$C$2000,A46,RECHECKS!$J$2:$J$2000,1)/(2*H46)) | K46: =IF(I46="","",(J46-I46)*100) | L46: =IF(F46="","",IF(K46="",F46,F46-K46)) | M46: =IF(A46="","",(SUMIFS(SCORES!$D$2:$D$2000,SCORES!$C$2:$C$2000,A46)/(5*COUNTIFS(SCORES!$C$2:$C$2000,A46,SCORES!$D$2:$D$2000,">=0"))-SUMIFS(SCORES!$D$2:$D$2000,SCORES!$D$2:$D$2000,">=0")/(5*COUNTIFS(SCORES!$D$2:$D$2000,">=0")))*100) | N46: =IF(B46="","",IFERROR(INDEX(UNITS!$E$2:$E$2000,MATCH(B46,UNITS!$A$2:$A$2000,0)),"")) | O46: =IF(A46="","",IFERROR(COUNTIFS(SCORES!$C$2:$C$2000,A46,SCORES!$B$2:$B$2000,"C",SCORES!$D$2:$D$2000,">=4")/COUNTIFS(SCORES!$C$2:$C$2000,A46,SCORES!$B$2:$B$2000,"C",SCORES!$D$2:$D$2000,">=0"),"")) | P46: =IF(A46="","",IFERROR(COUNTIFS(SCORES!$C$2:$C$2000,A46,SCORES!$B$2:$B$2000,"J",SCORES!$D$2:$D$2000,">=4")/COUNTIFS(SCORES!$C$2:$C$2000,A46,SCORES!$B$2:$B$2000,"J",SCORES!$D$2:$D$2000,">=0"),"")) | Q46: =IF(OR(O46="",P46=""),"",(O46-P46)*100)
A47: {=IFERROR(INDEX(CHECKS!$A$2:$A$2000,SMALL(IF(CHECKS!$E$2:$E$2000="y",ROW(CHECKS!$E$2:$E$2000)-1),43)),"")} | B47: =IF(A47="","",INDEX(CHECKS!$C$2:$C$2000,MATCH(A47,CHECKS!$A$2:$A$2000,0))) | C47: =IF(A47="","",SUMIFS(RECHECKS!$G$2:$G$2000,RECHECKS!$C$2:$C$2000,A47)) | D47: =IF(OR(A47="",C47=0),"",SUMIFS(RECHECKS!$F$2:$F$2000,RECHECKS!$C$2:$C$2000,A47,RECHECKS!$G$2:$G$2000,1)/(5*C47)) | E47: =IF(OR(A47="",C47=0),"",SUMIFS(RECHECKS!$D$2:$D$2000,RECHECKS!$C$2:$C$2000,A47,RECHECKS!$G$2:$G$2000,1)/(3*C47)) | F47: =IF(D47="","",(E47-D47)*100) | G47: =IF(A47="","",INDEX(CHECKS!$F$2:$F$2000,MATCH(A47,CHECKS!$A$2:$A$2000,0))&"") | H47: =IF(OR(A47="",G47=""),"",SUMIFS(RECHECKS!$J$2:$J$2000,RECHECKS!$C$2:$C$2000,A47)) | I47: =IF(OR(H47="",H47=0),"",SUMIFS(RECHECKS!$I$2:$I$2000,RECHECKS!$C$2:$C$2000,A47,RECHECKS!$J$2:$J$2000,1)/(5*H47)) | J47: =IF(OR(H47="",H47=0),"",SUMIFS(RECHECKS!$E$2:$E$2000,RECHECKS!$C$2:$C$2000,A47,RECHECKS!$J$2:$J$2000,1)/(2*H47)) | K47: =IF(I47="","",(J47-I47)*100) | L47: =IF(F47="","",IF(K47="",F47,F47-K47)) | M47: =IF(A47="","",(SUMIFS(SCORES!$D$2:$D$2000,SCORES!$C$2:$C$2000,A47)/(5*COUNTIFS(SCORES!$C$2:$C$2000,A47,SCORES!$D$2:$D$2000,">=0"))-SUMIFS(SCORES!$D$2:$D$2000,SCORES!$D$2:$D$2000,">=0")/(5*COUNTIFS(SCORES!$D$2:$D$2000,">=0")))*100) | N47: =IF(B47="","",IFERROR(INDEX(UNITS!$E$2:$E$2000,MATCH(B47,UNITS!$A$2:$A$2000,0)),"")) | O47: =IF(A47="","",IFERROR(COUNTIFS(SCORES!$C$2:$C$2000,A47,SCORES!$B$2:$B$2000,"C",SCORES!$D$2:$D$2000,">=4")/COUNTIFS(SCORES!$C$2:$C$2000,A47,SCORES!$B$2:$B$2000,"C",SCORES!$D$2:$D$2000,">=0"),"")) | P47: =IF(A47="","",IFERROR(COUNTIFS(SCORES!$C$2:$C$2000,A47,SCORES!$B$2:$B$2000,"J",SCORES!$D$2:$D$2000,">=4")/COUNTIFS(SCORES!$C$2:$C$2000,A47,SCORES!$B$2:$B$2000,"J",SCORES!$D$2:$D$2000,">=0"),"")) | Q47: =IF(OR(O47="",P47=""),"",(O47-P47)*100)
A48: {=IFERROR(INDEX(CHECKS!$A$2:$A$2000,SMALL(IF(CHECKS!$E$2:$E$2000="y",ROW(CHECKS!$E$2:$E$2000)-1),44)),"")} | B48: =IF(A48="","",INDEX(CHECKS!$C$2:$C$2000,MATCH(A48,CHECKS!$A$2:$A$2000,0))) | C48: =IF(A48="","",SUMIFS(RECHECKS!$G$2:$G$2000,RECHECKS!$C$2:$C$2000,A48)) | D48: =IF(OR(A48="",C48=0),"",SUMIFS(RECHECKS!$F$2:$F$2000,RECHECKS!$C$2:$C$2000,A48,RECHECKS!$G$2:$G$2000,1)/(5*C48)) | E48: =IF(OR(A48="",C48=0),"",SUMIFS(RECHECKS!$D$2:$D$2000,RECHECKS!$C$2:$C$2000,A48,RECHECKS!$G$2:$G$2000,1)/(3*C48)) | F48: =IF(D48="","",(E48-D48)*100) | G48: =IF(A48="","",INDEX(CHECKS!$F$2:$F$2000,MATCH(A48,CHECKS!$A$2:$A$2000,0))&"") | H48: =IF(OR(A48="",G48=""),"",SUMIFS(RECHECKS!$J$2:$J$2000,RECHECKS!$C$2:$C$2000,A48)) | I48: =IF(OR(H48="",H48=0),"",SUMIFS(RECHECKS!$I$2:$I$2000,RECHECKS!$C$2:$C$2000,A48,RECHECKS!$J$2:$J$2000,1)/(5*H48)) | J48: =IF(OR(H48="",H48=0),"",SUMIFS(RECHECKS!$E$2:$E$2000,RECHECKS!$C$2:$C$2000,A48,RECHECKS!$J$2:$J$2000,1)/(2*H48)) | K48: =IF(I48="","",(J48-I48)*100) | L48: =IF(F48="","",IF(K48="",F48,F48-K48)) | M48: =IF(A48="","",(SUMIFS(SCORES!$D$2:$D$2000,SCORES!$C$2:$C$2000,A48)/(5*COUNTIFS(SCORES!$C$2:$C$2000,A48,SCORES!$D$2:$D$2000,">=0"))-SUMIFS(SCORES!$D$2:$D$2000,SCORES!$D$2:$D$2000,">=0")/(5*COUNTIFS(SCORES!$D$2:$D$2000,">=0")))*100) | N48: =IF(B48="","",IFERROR(INDEX(UNITS!$E$2:$E$2000,MATCH(B48,UNITS!$A$2:$A$2000,0)),"")) | O48: =IF(A48="","",IFERROR(COUNTIFS(SCORES!$C$2:$C$2000,A48,SCORES!$B$2:$B$2000,"C",SCORES!$D$2:$D$2000,">=4")/COUNTIFS(SCORES!$C$2:$C$2000,A48,SCORES!$B$2:$B$2000,"C",SCORES!$D$2:$D$2000,">=0"),"")) | P48: =IF(A48="","",IFERROR(COUNTIFS(SCORES!$C$2:$C$2000,A48,SCORES!$B$2:$B$2000,"J",SCORES!$D$2:$D$2000,">=4")/COUNTIFS(SCORES!$C$2:$C$2000,A48,SCORES!$B$2:$B$2000,"J",SCORES!$D$2:$D$2000,">=0"),"")) | Q48: =IF(OR(O48="",P48=""),"",(O48-P48)*100)
A49: {=IFERROR(INDEX(CHECKS!$A$2:$A$2000,SMALL(IF(CHECKS!$E$2:$E$2000="y",ROW(CHECKS!$E$2:$E$2000)-1),45)),"")} | B49: =IF(A49="","",INDEX(CHECKS!$C$2:$C$2000,MATCH(A49,CHECKS!$A$2:$A$2000,0))) | C49: =IF(A49="","",SUMIFS(RECHECKS!$G$2:$G$2000,RECHECKS!$C$2:$C$2000,A49)) | D49: =IF(OR(A49="",C49=0),"",SUMIFS(RECHECKS!$F$2:$F$2000,RECHECKS!$C$2:$C$2000,A49,RECHECKS!$G$2:$G$2000,1)/(5*C49)) | E49: =IF(OR(A49="",C49=0),"",SUMIFS(RECHECKS!$D$2:$D$2000,RECHECKS!$C$2:$C$2000,A49,RECHECKS!$G$2:$G$2000,1)/(3*C49)) | F49: =IF(D49="","",(E49-D49)*100) | G49: =IF(A49="","",INDEX(CHECKS!$F$2:$F$2000,MATCH(A49,CHECKS!$A$2:$A$2000,0))&"") | H49: =IF(OR(A49="",G49=""),"",SUMIFS(RECHECKS!$J$2:$J$2000,RECHECKS!$C$2:$C$2000,A49)) | I49: =IF(OR(H49="",H49=0),"",SUMIFS(RECHECKS!$I$2:$I$2000,RECHECKS!$C$2:$C$2000,A49,RECHECKS!$J$2:$J$2000,1)/(5*H49)) | J49: =IF(OR(H49="",H49=0),"",SUMIFS(RECHECKS!$E$2:$E$2000,RECHECKS!$C$2:$C$2000,A49,RECHECKS!$J$2:$J$2000,1)/(2*H49)) | K49: =IF(I49="","",(J49-I49)*100) | L49: =IF(F49="","",IF(K49="",F49,F49-K49)) | M49: =IF(A49="","",(SUMIFS(SCORES!$D$2:$D$2000,SCORES!$C$2:$C$2000,A49)/(5*COUNTIFS(SCORES!$C$2:$C$2000,A49,SCORES!$D$2:$D$2000,">=0"))-SUMIFS(SCORES!$D$2:$D$2000,SCORES!$D$2:$D$2000,">=0")/(5*COUNTIFS(SCORES!$D$2:$D$2000,">=0")))*100) | N49: =IF(B49="","",IFERROR(INDEX(UNITS!$E$2:$E$2000,MATCH(B49,UNITS!$A$2:$A$2000,0)),"")) | O49: =IF(A49="","",IFERROR(COUNTIFS(SCORES!$C$2:$C$2000,A49,SCORES!$B$2:$B$2000,"C",SCORES!$D$2:$D$2000,">=4")/COUNTIFS(SCORES!$C$2:$C$2000,A49,SCORES!$B$2:$B$2000,"C",SCORES!$D$2:$D$2000,">=0"),"")) | P49: =IF(A49="","",IFERROR(COUNTIFS(SCORES!$C$2:$C$2000,A49,SCORES!$B$2:$B$2000,"J",SCORES!$D$2:$D$2000,">=4")/COUNTIFS(SCORES!$C$2:$C$2000,A49,SCORES!$B$2:$B$2000,"J",SCORES!$D$2:$D$2000,">=0"),"")) | Q49: =IF(OR(O49="",P49=""),"",(O49-P49)*100)
A50: {=IFERROR(INDEX(CHECKS!$A$2:$A$2000,SMALL(IF(CHECKS!$E$2:$E$2000="y",ROW(CHECKS!$E$2:$E$2000)-1),46)),"")} | B50: =IF(A50="","",INDEX(CHECKS!$C$2:$C$2000,MATCH(A50,CHECKS!$A$2:$A$2000,0))) | C50: =IF(A50="","",SUMIFS(RECHECKS!$G$2:$G$2000,RECHECKS!$C$2:$C$2000,A50)) | D50: =IF(OR(A50="",C50=0),"",SUMIFS(RECHECKS!$F$2:$F$2000,RECHECKS!$C$2:$C$2000,A50,RECHECKS!$G$2:$G$2000,1)/(5*C50)) | E50: =IF(OR(A50="",C50=0),"",SUMIFS(RECHECKS!$D$2:$D$2000,RECHECKS!$C$2:$C$2000,A50,RECHECKS!$G$2:$G$2000,1)/(3*C50)) | F50: =IF(D50="","",(E50-D50)*100) | G50: =IF(A50="","",INDEX(CHECKS!$F$2:$F$2000,MATCH(A50,CHECKS!$A$2:$A$2000,0))&"") | H50: =IF(OR(A50="",G50=""),"",SUMIFS(RECHECKS!$J$2:$J$2000,RECHECKS!$C$2:$C$2000,A50)) | I50: =IF(OR(H50="",H50=0),"",SUMIFS(RECHECKS!$I$2:$I$2000,RECHECKS!$C$2:$C$2000,A50,RECHECKS!$J$2:$J$2000,1)/(5*H50)) | J50: =IF(OR(H50="",H50=0),"",SUMIFS(RECHECKS!$E$2:$E$2000,RECHECKS!$C$2:$C$2000,A50,RECHECKS!$J$2:$J$2000,1)/(2*H50)) | K50: =IF(I50="","",(J50-I50)*100) | L50: =IF(F50="","",IF(K50="",F50,F50-K50)) | M50: =IF(A50="","",(SUMIFS(SCORES!$D$2:$D$2000,SCORES!$C$2:$C$2000,A50)/(5*COUNTIFS(SCORES!$C$2:$C$2000,A50,SCORES!$D$2:$D$2000,">=0"))-SUMIFS(SCORES!$D$2:$D$2000,SCORES!$D$2:$D$2000,">=0")/(5*COUNTIFS(SCORES!$D$2:$D$2000,">=0")))*100) | N50: =IF(B50="","",IFERROR(INDEX(UNITS!$E$2:$E$2000,MATCH(B50,UNITS!$A$2:$A$2000,0)),"")) | O50: =IF(A50="","",IFERROR(COUNTIFS(SCORES!$C$2:$C$2000,A50,SCORES!$B$2:$B$2000,"C",SCORES!$D$2:$D$2000,">=4")/COUNTIFS(SCORES!$C$2:$C$2000,A50,SCORES!$B$2:$B$2000,"C",SCORES!$D$2:$D$2000,">=0"),"")) | P50: =IF(A50="","",IFERROR(COUNTIFS(SCORES!$C$2:$C$2000,A50,SCORES!$B$2:$B$2000,"J",SCORES!$D$2:$D$2000,">=4")/COUNTIFS(SCORES!$C$2:$C$2000,A50,SCORES!$B$2:$B$2000,"J",SCORES!$D$2:$D$2000,">=0"),"")) | Q50: =IF(OR(O50="",P50=""),"",(O50-P50)*100)
A51: {=IFERROR(INDEX(CHECKS!$A$2:$A$2000,SMALL(IF(CHECKS!$E$2:$E$2000="y",ROW(CHECKS!$E$2:$E$2000)-1),47)),"")} | B51: =IF(A51="","",INDEX(CHECKS!$C$2:$C$2000,MATCH(A51,CHECKS!$A$2:$A$2000,0))) | C51: =IF(A51="","",SUMIFS(RECHECKS!$G$2:$G$2000,RECHECKS!$C$2:$C$2000,A51)) | D51: =IF(OR(A51="",C51=0),"",SUMIFS(RECHECKS!$F$2:$F$2000,RECHECKS!$C$2:$C$2000,A51,RECHECKS!$G$2:$G$2000,1)/(5*C51)) | E51: =IF(OR(A51="",C51=0),"",SUMIFS(RECHECKS!$D$2:$D$2000,RECHECKS!$C$2:$C$2000,A51,RECHECKS!$G$2:$G$2000,1)/(3*C51)) | F51: =IF(D51="","",(E51-D51)*100) | G51: =IF(A51="","",INDEX(CHECKS!$F$2:$F$2000,MATCH(A51,CHECKS!$A$2:$A$2000,0))&"") | H51: =IF(OR(A51="",G51=""),"",SUMIFS(RECHECKS!$J$2:$J$2000,RECHECKS!$C$2:$C$2000,A51)) | I51: =IF(OR(H51="",H51=0),"",SUMIFS(RECHECKS!$I$2:$I$2000,RECHECKS!$C$2:$C$2000,A51,RECHECKS!$J$2:$J$2000,1)/(5*H51)) | J51: =IF(OR(H51="",H51=0),"",SUMIFS(RECHECKS!$E$2:$E$2000,RECHECKS!$C$2:$C$2000,A51,RECHECKS!$J$2:$J$2000,1)/(2*H51)) | K51: =IF(I51="","",(J51-I51)*100) | L51: =IF(F51="","",IF(K51="",F51,F51-K51)) | M51: =IF(A51="","",(SUMIFS(SCORES!$D$2:$D$2000,SCORES!$C$2:$C$2000,A51)/(5*COUNTIFS(SCORES!$C$2:$C$2000,A51,SCORES!$D$2:$D$2000,">=0"))-SUMIFS(SCORES!$D$2:$D$2000,SCORES!$D$2:$D$2000,">=0")/(5*COUNTIFS(SCORES!$D$2:$D$2000,">=0")))*100) | N51: =IF(B51="","",IFERROR(INDEX(UNITS!$E$2:$E$2000,MATCH(B51,UNITS!$A$2:$A$2000,0)),"")) | O51: =IF(A51="","",IFERROR(COUNTIFS(SCORES!$C$2:$C$2000,A51,SCORES!$B$2:$B$2000,"C",SCORES!$D$2:$D$2000,">=4")/COUNTIFS(SCORES!$C$2:$C$2000,A51,SCORES!$B$2:$B$2000,"C",SCORES!$D$2:$D$2000,">=0"),"")) | P51: =IF(A51="","",IFERROR(COUNTIFS(SCORES!$C$2:$C$2000,A51,SCORES!$B$2:$B$2000,"J",SCORES!$D$2:$D$2000,">=4")/COUNTIFS(SCORES!$C$2:$C$2000,A51,SCORES!$B$2:$B$2000,"J",SCORES!$D$2:$D$2000,">=0"),"")) | Q51: =IF(OR(O51="",P51=""),"",(O51-P51)*100)
A52: {=IFERROR(INDEX(CHECKS!$A$2:$A$2000,SMALL(IF(CHECKS!$E$2:$E$2000="y",ROW(CHECKS!$E$2:$E$2000)-1),48)),"")} | B52: =IF(A52="","",INDEX(CHECKS!$C$2:$C$2000,MATCH(A52,CHECKS!$A$2:$A$2000,0))) | C52: =IF(A52="","",SUMIFS(RECHECKS!$G$2:$G$2000,RECHECKS!$C$2:$C$2000,A52)) | D52: =IF(OR(A52="",C52=0),"",SUMIFS(RECHECKS!$F$2:$F$2000,RECHECKS!$C$2:$C$2000,A52,RECHECKS!$G$2:$G$2000,1)/(5*C52)) | E52: =IF(OR(A52="",C52=0),"",SUMIFS(RECHECKS!$D$2:$D$2000,RECHECKS!$C$2:$C$2000,A52,RECHECKS!$G$2:$G$2000,1)/(3*C52)) | F52: =IF(D52="","",(E52-D52)*100) | G52: =IF(A52="","",INDEX(CHECKS!$F$2:$F$2000,MATCH(A52,CHECKS!$A$2:$A$2000,0))&"") | H52: =IF(OR(A52="",G52=""),"",SUMIFS(RECHECKS!$J$2:$J$2000,RECHECKS!$C$2:$C$2000,A52)) | I52: =IF(OR(H52="",H52=0),"",SUMIFS(RECHECKS!$I$2:$I$2000,RECHECKS!$C$2:$C$2000,A52,RECHECKS!$J$2:$J$2000,1)/(5*H52)) | J52: =IF(OR(H52="",H52=0),"",SUMIFS(RECHECKS!$E$2:$E$2000,RECHECKS!$C$2:$C$2000,A52,RECHECKS!$J$2:$J$2000,1)/(2*H52)) | K52: =IF(I52="","",(J52-I52)*100) | L52: =IF(F52="","",IF(K52="",F52,F52-K52)) | M52: =IF(A52="","",(SUMIFS(SCORES!$D$2:$D$2000,SCORES!$C$2:$C$2000,A52)/(5*COUNTIFS(SCORES!$C$2:$C$2000,A52,SCORES!$D$2:$D$2000,">=0"))-SUMIFS(SCORES!$D$2:$D$2000,SCORES!$D$2:$D$2000,">=0")/(5*COUNTIFS(SCORES!$D$2:$D$2000,">=0")))*100) | N52: =IF(B52="","",IFERROR(INDEX(UNITS!$E$2:$E$2000,MATCH(B52,UNITS!$A$2:$A$2000,0)),"")) | O52: =IF(A52="","",IFERROR(COUNTIFS(SCORES!$C$2:$C$2000,A52,SCORES!$B$2:$B$2000,"C",SCORES!$D$2:$D$2000,">=4")/COUNTIFS(SCORES!$C$2:$C$2000,A52,SCORES!$B$2:$B$2000,"C",SCORES!$D$2:$D$2000,">=0"),"")) | P52: =IF(A52="","",IFERROR(COUNTIFS(SCORES!$C$2:$C$2000,A52,SCORES!$B$2:$B$2000,"J",SCORES!$D$2:$D$2000,">=4")/COUNTIFS(SCORES!$C$2:$C$2000,A52,SCORES!$B$2:$B$2000,"J",SCORES!$D$2:$D$2000,">=0"),"")) | Q52: =IF(OR(O52="",P52=""),"",(O52-P52)*100)
A53: {=IFERROR(INDEX(CHECKS!$A$2:$A$2000,SMALL(IF(CHECKS!$E$2:$E$2000="y",ROW(CHECKS!$E$2:$E$2000)-1),49)),"")} | B53: =IF(A53="","",INDEX(CHECKS!$C$2:$C$2000,MATCH(A53,CHECKS!$A$2:$A$2000,0))) | C53: =IF(A53="","",SUMIFS(RECHECKS!$G$2:$G$2000,RECHECKS!$C$2:$C$2000,A53)) | D53: =IF(OR(A53="",C53=0),"",SUMIFS(RECHECKS!$F$2:$F$2000,RECHECKS!$C$2:$C$2000,A53,RECHECKS!$G$2:$G$2000,1)/(5*C53)) | E53: =IF(OR(A53="",C53=0),"",SUMIFS(RECHECKS!$D$2:$D$2000,RECHECKS!$C$2:$C$2000,A53,RECHECKS!$G$2:$G$2000,1)/(3*C53)) | F53: =IF(D53="","",(E53-D53)*100) | G53: =IF(A53="","",INDEX(CHECKS!$F$2:$F$2000,MATCH(A53,CHECKS!$A$2:$A$2000,0))&"") | H53: =IF(OR(A53="",G53=""),"",SUMIFS(RECHECKS!$J$2:$J$2000,RECHECKS!$C$2:$C$2000,A53)) | I53: =IF(OR(H53="",H53=0),"",SUMIFS(RECHECKS!$I$2:$I$2000,RECHECKS!$C$2:$C$2000,A53,RECHECKS!$J$2:$J$2000,1)/(5*H53)) | J53: =IF(OR(H53="",H53=0),"",SUMIFS(RECHECKS!$E$2:$E$2000,RECHECKS!$C$2:$C$2000,A53,RECHECKS!$J$2:$J$2000,1)/(2*H53)) | K53: =IF(I53="","",(J53-I53)*100) | L53: =IF(F53="","",IF(K53="",F53,F53-K53)) | M53: =IF(A53="","",(SUMIFS(SCORES!$D$2:$D$2000,SCORES!$C$2:$C$2000,A53)/(5*COUNTIFS(SCORES!$C$2:$C$2000,A53,SCORES!$D$2:$D$2000,">=0"))-SUMIFS(SCORES!$D$2:$D$2000,SCORES!$D$2:$D$2000,">=0")/(5*COUNTIFS(SCORES!$D$2:$D$2000,">=0")))*100) | N53: =IF(B53="","",IFERROR(INDEX(UNITS!$E$2:$E$2000,MATCH(B53,UNITS!$A$2:$A$2000,0)),"")) | O53: =IF(A53="","",IFERROR(COUNTIFS(SCORES!$C$2:$C$2000,A53,SCORES!$B$2:$B$2000,"C",SCORES!$D$2:$D$2000,">=4")/COUNTIFS(SCORES!$C$2:$C$2000,A53,SCORES!$B$2:$B$2000,"C",SCORES!$D$2:$D$2000,">=0"),"")) | P53: =IF(A53="","",IFERROR(COUNTIFS(SCORES!$C$2:$C$2000,A53,SCORES!$B$2:$B$2000,"J",SCORES!$D$2:$D$2000,">=4")/COUNTIFS(SCORES!$C$2:$C$2000,A53,SCORES!$B$2:$B$2000,"J",SCORES!$D$2:$D$2000,">=0"),"")) | Q53: =IF(OR(O53="",P53=""),"",(O53-P53)*100)
A54: {=IFERROR(INDEX(CHECKS!$A$2:$A$2000,SMALL(IF(CHECKS!$E$2:$E$2000="y",ROW(CHECKS!$E$2:$E$2000)-1),50)),"")} | B54: =IF(A54="","",INDEX(CHECKS!$C$2:$C$2000,MATCH(A54,CHECKS!$A$2:$A$2000,0))) | C54: =IF(A54="","",SUMIFS(RECHECKS!$G$2:$G$2000,RECHECKS!$C$2:$C$2000,A54)) | D54: =IF(OR(A54="",C54=0),"",SUMIFS(RECHECKS!$F$2:$F$2000,RECHECKS!$C$2:$C$2000,A54,RECHECKS!$G$2:$G$2000,1)/(5*C54)) | E54: =IF(OR(A54="",C54=0),"",SUMIFS(RECHECKS!$D$2:$D$2000,RECHECKS!$C$2:$C$2000,A54,RECHECKS!$G$2:$G$2000,1)/(3*C54)) | F54: =IF(D54="","",(E54-D54)*100) | G54: =IF(A54="","",INDEX(CHECKS!$F$2:$F$2000,MATCH(A54,CHECKS!$A$2:$A$2000,0))&"") | H54: =IF(OR(A54="",G54=""),"",SUMIFS(RECHECKS!$J$2:$J$2000,RECHECKS!$C$2:$C$2000,A54)) | I54: =IF(OR(H54="",H54=0),"",SUMIFS(RECHECKS!$I$2:$I$2000,RECHECKS!$C$2:$C$2000,A54,RECHECKS!$J$2:$J$2000,1)/(5*H54)) | J54: =IF(OR(H54="",H54=0),"",SUMIFS(RECHECKS!$E$2:$E$2000,RECHECKS!$C$2:$C$2000,A54,RECHECKS!$J$2:$J$2000,1)/(2*H54)) | K54: =IF(I54="","",(J54-I54)*100) | L54: =IF(F54="","",IF(K54="",F54,F54-K54)) | M54: =IF(A54="","",(SUMIFS(SCORES!$D$2:$D$2000,SCORES!$C$2:$C$2000,A54)/(5*COUNTIFS(SCORES!$C$2:$C$2000,A54,SCORES!$D$2:$D$2000,">=0"))-SUMIFS(SCORES!$D$2:$D$2000,SCORES!$D$2:$D$2000,">=0")/(5*COUNTIFS(SCORES!$D$2:$D$2000,">=0")))*100) | N54: =IF(B54="","",IFERROR(INDEX(UNITS!$E$2:$E$2000,MATCH(B54,UNITS!$A$2:$A$2000,0)),"")) | O54: =IF(A54="","",IFERROR(COUNTIFS(SCORES!$C$2:$C$2000,A54,SCORES!$B$2:$B$2000,"C",SCORES!$D$2:$D$2000,">=4")/COUNTIFS(SCORES!$C$2:$C$2000,A54,SCORES!$B$2:$B$2000,"C",SCORES!$D$2:$D$2000,">=0"),"")) | P54: =IF(A54="","",IFERROR(COUNTIFS(SCORES!$C$2:$C$2000,A54,SCORES!$B$2:$B$2000,"J",SCORES!$D$2:$D$2000,">=4")/COUNTIFS(SCORES!$C$2:$C$2000,A54,SCORES!$B$2:$B$2000,"J",SCORES!$D$2:$D$2000,">=0"),"")) | Q54: =IF(OR(O54="",P54=""),"",(O54-P54)*100)
A55: {=IFERROR(INDEX(CHECKS!$A$2:$A$2000,SMALL(IF(CHECKS!$E$2:$E$2000="y",ROW(CHECKS!$E$2:$E$2000)-1),51)),"")} | B55: =IF(A55="","",INDEX(CHECKS!$C$2:$C$2000,MATCH(A55,CHECKS!$A$2:$A$2000,0))) | C55: =IF(A55="","",SUMIFS(RECHECKS!$G$2:$G$2000,RECHECKS!$C$2:$C$2000,A55)) | D55: =IF(OR(A55="",C55=0),"",SUMIFS(RECHECKS!$F$2:$F$2000,RECHECKS!$C$2:$C$2000,A55,RECHECKS!$G$2:$G$2000,1)/(5*C55)) | E55: =IF(OR(A55="",C55=0),"",SUMIFS(RECHECKS!$D$2:$D$2000,RECHECKS!$C$2:$C$2000,A55,RECHECKS!$G$2:$G$2000,1)/(3*C55)) | F55: =IF(D55="","",(E55-D55)*100) | G55: =IF(A55="","",INDEX(CHECKS!$F$2:$F$2000,MATCH(A55,CHECKS!$A$2:$A$2000,0))&"") | H55: =IF(OR(A55="",G55=""),"",SUMIFS(RECHECKS!$J$2:$J$2000,RECHECKS!$C$2:$C$2000,A55)) | I55: =IF(OR(H55="",H55=0),"",SUMIFS(RECHECKS!$I$2:$I$2000,RECHECKS!$C$2:$C$2000,A55,RECHECKS!$J$2:$J$2000,1)/(5*H55)) | J55: =IF(OR(H55="",H55=0),"",SUMIFS(RECHECKS!$E$2:$E$2000,RECHECKS!$C$2:$C$2000,A55,RECHECKS!$J$2:$J$2000,1)/(2*H55)) | K55: =IF(I55="","",(J55-I55)*100) | L55: =IF(F55="","",IF(K55="",F55,F55-K55)) | M55: =IF(A55="","",(SUMIFS(SCORES!$D$2:$D$2000,SCORES!$C$2:$C$2000,A55)/(5*COUNTIFS(SCORES!$C$2:$C$2000,A55,SCORES!$D$2:$D$2000,">=0"))-SUMIFS(SCORES!$D$2:$D$2000,SCORES!$D$2:$D$2000,">=0")/(5*COUNTIFS(SCORES!$D$2:$D$2000,">=0")))*100) | N55: =IF(B55="","",IFERROR(INDEX(UNITS!$E$2:$E$2000,MATCH(B55,UNITS!$A$2:$A$2000,0)),"")) | O55: =IF(A55="","",IFERROR(COUNTIFS(SCORES!$C$2:$C$2000,A55,SCORES!$B$2:$B$2000,"C",SCORES!$D$2:$D$2000,">=4")/COUNTIFS(SCORES!$C$2:$C$2000,A55,SCORES!$B$2:$B$2000,"C",SCORES!$D$2:$D$2000,">=0"),"")) | P55: =IF(A55="","",IFERROR(COUNTIFS(SCORES!$C$2:$C$2000,A55,SCORES!$B$2:$B$2000,"J",SCORES!$D$2:$D$2000,">=4")/COUNTIFS(SCORES!$C$2:$C$2000,A55,SCORES!$B$2:$B$2000,"J",SCORES!$D$2:$D$2000,">=0"),"")) | Q55: =IF(OR(O55="",P55=""),"",(O55-P55)*100)
A56: {=IFERROR(INDEX(CHECKS!$A$2:$A$2000,SMALL(IF(CHECKS!$E$2:$E$2000="y",ROW(CHECKS!$E$2:$E$2000)-1),52)),"")} | B56: =IF(A56="","",INDEX(CHECKS!$C$2:$C$2000,MATCH(A56,CHECKS!$A$2:$A$2000,0))) | C56: =IF(A56="","",SUMIFS(RECHECKS!$G$2:$G$2000,RECHECKS!$C$2:$C$2000,A56)) | D56: =IF(OR(A56="",C56=0),"",SUMIFS(RECHECKS!$F$2:$F$2000,RECHECKS!$C$2:$C$2000,A56,RECHECKS!$G$2:$G$2000,1)/(5*C56)) | E56: =IF(OR(A56="",C56=0),"",SUMIFS(RECHECKS!$D$2:$D$2000,RECHECKS!$C$2:$C$2000,A56,RECHECKS!$G$2:$G$2000,1)/(3*C56)) | F56: =IF(D56="","",(E56-D56)*100) | G56: =IF(A56="","",INDEX(CHECKS!$F$2:$F$2000,MATCH(A56,CHECKS!$A$2:$A$2000,0))&"") | H56: =IF(OR(A56="",G56=""),"",SUMIFS(RECHECKS!$J$2:$J$2000,RECHECKS!$C$2:$C$2000,A56)) | I56: =IF(OR(H56="",H56=0),"",SUMIFS(RECHECKS!$I$2:$I$2000,RECHECKS!$C$2:$C$2000,A56,RECHECKS!$J$2:$J$2000,1)/(5*H56)) | J56: =IF(OR(H56="",H56=0),"",SUMIFS(RECHECKS!$E$2:$E$2000,RECHECKS!$C$2:$C$2000,A56,RECHECKS!$J$2:$J$2000,1)/(2*H56)) | K56: =IF(I56="","",(J56-I56)*100) | L56: =IF(F56="","",IF(K56="",F56,F56-K56)) | M56: =IF(A56="","",(SUMIFS(SCORES!$D$2:$D$2000,SCORES!$C$2:$C$2000,A56)/(5*COUNTIFS(SCORES!$C$2:$C$2000,A56,SCORES!$D$2:$D$2000,">=0"))-SUMIFS(SCORES!$D$2:$D$2000,SCORES!$D$2:$D$2000,">=0")/(5*COUNTIFS(SCORES!$D$2:$D$2000,">=0")))*100) | N56: =IF(B56="","",IFERROR(INDEX(UNITS!$E$2:$E$2000,MATCH(B56,UNITS!$A$2:$A$2000,0)),"")) | O56: =IF(A56="","",IFERROR(COUNTIFS(SCORES!$C$2:$C$2000,A56,SCORES!$B$2:$B$2000,"C",SCORES!$D$2:$D$2000,">=4")/COUNTIFS(SCORES!$C$2:$C$2000,A56,SCORES!$B$2:$B$2000,"C",SCORES!$D$2:$D$2000,">=0"),"")) | P56: =IF(A56="","",IFERROR(COUNTIFS(SCORES!$C$2:$C$2000,A56,SCORES!$B$2:$B$2000,"J",SCORES!$D$2:$D$2000,">=4")/COUNTIFS(SCORES!$C$2:$C$2000,A56,SCORES!$B$2:$B$2000,"J",SCORES!$D$2:$D$2000,">=0"),"")) | Q56: =IF(OR(O56="",P56=""),"",(O56-P56)*100)
A57: {=IFERROR(INDEX(CHECKS!$A$2:$A$2000,SMALL(IF(CHECKS!$E$2:$E$2000="y",ROW(CHECKS!$E$2:$E$2000)-1),53)),"")} | B57: =IF(A57="","",INDEX(CHECKS!$C$2:$C$2000,MATCH(A57,CHECKS!$A$2:$A$2000,0))) | C57: =IF(A57="","",SUMIFS(RECHECKS!$G$2:$G$2000,RECHECKS!$C$2:$C$2000,A57)) | D57: =IF(OR(A57="",C57=0),"",SUMIFS(RECHECKS!$F$2:$F$2000,RECHECKS!$C$2:$C$2000,A57,RECHECKS!$G$2:$G$2000,1)/(5*C57)) | E57: =IF(OR(A57="",C57=0),"",SUMIFS(RECHECKS!$D$2:$D$2000,RECHECKS!$C$2:$C$2000,A57,RECHECKS!$G$2:$G$2000,1)/(3*C57)) | F57: =IF(D57="","",(E57-D57)*100) | G57: =IF(A57="","",INDEX(CHECKS!$F$2:$F$2000,MATCH(A57,CHECKS!$A$2:$A$2000,0))&"") | H57: =IF(OR(A57="",G57=""),"",SUMIFS(RECHECKS!$J$2:$J$2000,RECHECKS!$C$2:$C$2000,A57)) | I57: =IF(OR(H57="",H57=0),"",SUMIFS(RECHECKS!$I$2:$I$2000,RECHECKS!$C$2:$C$2000,A57,RECHECKS!$J$2:$J$2000,1)/(5*H57)) | J57: =IF(OR(H57="",H57=0),"",SUMIFS(RECHECKS!$E$2:$E$2000,RECHECKS!$C$2:$C$2000,A57,RECHECKS!$J$2:$J$2000,1)/(2*H57)) | K57: =IF(I57="","",(J57-I57)*100) | L57: =IF(F57="","",IF(K57="",F57,F57-K57)) | M57: =IF(A57="","",(SUMIFS(SCORES!$D$2:$D$2000,SCORES!$C$2:$C$2000,A57)/(5*COUNTIFS(SCORES!$C$2:$C$2000,A57,SCORES!$D$2:$D$2000,">=0"))-SUMIFS(SCORES!$D$2:$D$2000,SCORES!$D$2:$D$2000,">=0")/(5*COUNTIFS(SCORES!$D$2:$D$2000,">=0")))*100) | N57: =IF(B57="","",IFERROR(INDEX(UNITS!$E$2:$E$2000,MATCH(B57,UNITS!$A$2:$A$2000,0)),"")) | O57: =IF(A57="","",IFERROR(COUNTIFS(SCORES!$C$2:$C$2000,A57,SCORES!$B$2:$B$2000,"C",SCORES!$D$2:$D$2000,">=4")/COUNTIFS(SCORES!$C$2:$C$2000,A57,SCORES!$B$2:$B$2000,"C",SCORES!$D$2:$D$2000,">=0"),"")) | P57: =IF(A57="","",IFERROR(COUNTIFS(SCORES!$C$2:$C$2000,A57,SCORES!$B$2:$B$2000,"J",SCORES!$D$2:$D$2000,">=4")/COUNTIFS(SCORES!$C$2:$C$2000,A57,SCORES!$B$2:$B$2000,"J",SCORES!$D$2:$D$2000,">=0"),"")) | Q57: =IF(OR(O57="",P57=""),"",(O57-P57)*100)
A58: {=IFERROR(INDEX(CHECKS!$A$2:$A$2000,SMALL(IF(CHECKS!$E$2:$E$2000="y",ROW(CHECKS!$E$2:$E$2000)-1),54)),"")} | B58: =IF(A58="","",INDEX(CHECKS!$C$2:$C$2000,MATCH(A58,CHECKS!$A$2:$A$2000,0))) | C58: =IF(A58="","",SUMIFS(RECHECKS!$G$2:$G$2000,RECHECKS!$C$2:$C$2000,A58)) | D58: =IF(OR(A58="",C58=0),"",SUMIFS(RECHECKS!$F$2:$F$2000,RECHECKS!$C$2:$C$2000,A58,RECHECKS!$G$2:$G$2000,1)/(5*C58)) | E58: =IF(OR(A58="",C58=0),"",SUMIFS(RECHECKS!$D$2:$D$2000,RECHECKS!$C$2:$C$2000,A58,RECHECKS!$G$2:$G$2000,1)/(3*C58)) | F58: =IF(D58="","",(E58-D58)*100) | G58: =IF(A58="","",INDEX(CHECKS!$F$2:$F$2000,MATCH(A58,CHECKS!$A$2:$A$2000,0))&"") | H58: =IF(OR(A58="",G58=""),"",SUMIFS(RECHECKS!$J$2:$J$2000,RECHECKS!$C$2:$C$2000,A58)) | I58: =IF(OR(H58="",H58=0),"",SUMIFS(RECHECKS!$I$2:$I$2000,RECHECKS!$C$2:$C$2000,A58,RECHECKS!$J$2:$J$2000,1)/(5*H58)) | J58: =IF(OR(H58="",H58=0),"",SUMIFS(RECHECKS!$E$2:$E$2000,RECHECKS!$C$2:$C$2000,A58,RECHECKS!$J$2:$J$2000,1)/(2*H58)) | K58: =IF(I58="","",(J58-I58)*100) | L58: =IF(F58="","",IF(K58="",F58,F58-K58)) | M58: =IF(A58="","",(SUMIFS(SCORES!$D$2:$D$2000,SCORES!$C$2:$C$2000,A58)/(5*COUNTIFS(SCORES!$C$2:$C$2000,A58,SCORES!$D$2:$D$2000,">=0"))-SUMIFS(SCORES!$D$2:$D$2000,SCORES!$D$2:$D$2000,">=0")/(5*COUNTIFS(SCORES!$D$2:$D$2000,">=0")))*100) | N58: =IF(B58="","",IFERROR(INDEX(UNITS!$E$2:$E$2000,MATCH(B58,UNITS!$A$2:$A$2000,0)),"")) | O58: =IF(A58="","",IFERROR(COUNTIFS(SCORES!$C$2:$C$2000,A58,SCORES!$B$2:$B$2000,"C",SCORES!$D$2:$D$2000,">=4")/COUNTIFS(SCORES!$C$2:$C$2000,A58,SCORES!$B$2:$B$2000,"C",SCORES!$D$2:$D$2000,">=0"),"")) | P58: =IF(A58="","",IFERROR(COUNTIFS(SCORES!$C$2:$C$2000,A58,SCORES!$B$2:$B$2000,"J",SCORES!$D$2:$D$2000,">=4")/COUNTIFS(SCORES!$C$2:$C$2000,A58,SCORES!$B$2:$B$2000,"J",SCORES!$D$2:$D$2000,">=0"),"")) | Q58: =IF(OR(O58="",P58=""),"",(O58-P58)*100)
A59: {=IFERROR(INDEX(CHECKS!$A$2:$A$2000,SMALL(IF(CHECKS!$E$2:$E$2000="y",ROW(CHECKS!$E$2:$E$2000)-1),55)),"")} | B59: =IF(A59="","",INDEX(CHECKS!$C$2:$C$2000,MATCH(A59,CHECKS!$A$2:$A$2000,0))) | C59: =IF(A59="","",SUMIFS(RECHECKS!$G$2:$G$2000,RECHECKS!$C$2:$C$2000,A59)) | D59: =IF(OR(A59="",C59=0),"",SUMIFS(RECHECKS!$F$2:$F$2000,RECHECKS!$C$2:$C$2000,A59,RECHECKS!$G$2:$G$2000,1)/(5*C59)) | E59: =IF(OR(A59="",C59=0),"",SUMIFS(RECHECKS!$D$2:$D$2000,RECHECKS!$C$2:$C$2000,A59,RECHECKS!$G$2:$G$2000,1)/(3*C59)) | F59: =IF(D59="","",(E59-D59)*100) | G59: =IF(A59="","",INDEX(CHECKS!$F$2:$F$2000,MATCH(A59,CHECKS!$A$2:$A$2000,0))&"") | H59: =IF(OR(A59="",G59=""),"",SUMIFS(RECHECKS!$J$2:$J$2000,RECHECKS!$C$2:$C$2000,A59)) | I59: =IF(OR(H59="",H59=0),"",SUMIFS(RECHECKS!$I$2:$I$2000,RECHECKS!$C$2:$C$2000,A59,RECHECKS!$J$2:$J$2000,1)/(5*H59)) | J59: =IF(OR(H59="",H59=0),"",SUMIFS(RECHECKS!$E$2:$E$2000,RECHECKS!$C$2:$C$2000,A59,RECHECKS!$J$2:$J$2000,1)/(2*H59)) | K59: =IF(I59="","",(J59-I59)*100) | L59: =IF(F59="","",IF(K59="",F59,F59-K59)) | M59: =IF(A59="","",(SUMIFS(SCORES!$D$2:$D$2000,SCORES!$C$2:$C$2000,A59)/(5*COUNTIFS(SCORES!$C$2:$C$2000,A59,SCORES!$D$2:$D$2000,">=0"))-SUMIFS(SCORES!$D$2:$D$2000,SCORES!$D$2:$D$2000,">=0")/(5*COUNTIFS(SCORES!$D$2:$D$2000,">=0")))*100) | N59: =IF(B59="","",IFERROR(INDEX(UNITS!$E$2:$E$2000,MATCH(B59,UNITS!$A$2:$A$2000,0)),"")) | O59: =IF(A59="","",IFERROR(COUNTIFS(SCORES!$C$2:$C$2000,A59,SCORES!$B$2:$B$2000,"C",SCORES!$D$2:$D$2000,">=4")/COUNTIFS(SCORES!$C$2:$C$2000,A59,SCORES!$B$2:$B$2000,"C",SCORES!$D$2:$D$2000,">=0"),"")) | P59: =IF(A59="","",IFERROR(COUNTIFS(SCORES!$C$2:$C$2000,A59,SCORES!$B$2:$B$2000,"J",SCORES!$D$2:$D$2000,">=4")/COUNTIFS(SCORES!$C$2:$C$2000,A59,SCORES!$B$2:$B$2000,"J",SCORES!$D$2:$D$2000,">=0"),"")) | Q59: =IF(OR(O59="",P59=""),"",(O59-P59)*100)
A60: {=IFERROR(INDEX(CHECKS!$A$2:$A$2000,SMALL(IF(CHECKS!$E$2:$E$2000="y",ROW(CHECKS!$E$2:$E$2000)-1),56)),"")} | B60: =IF(A60="","",INDEX(CHECKS!$C$2:$C$2000,MATCH(A60,CHECKS!$A$2:$A$2000,0))) | C60: =IF(A60="","",SUMIFS(RECHECKS!$G$2:$G$2000,RECHECKS!$C$2:$C$2000,A60)) | D60: =IF(OR(A60="",C60=0),"",SUMIFS(RECHECKS!$F$2:$F$2000,RECHECKS!$C$2:$C$2000,A60,RECHECKS!$G$2:$G$2000,1)/(5*C60)) | E60: =IF(OR(A60="",C60=0),"",SUMIFS(RECHECKS!$D$2:$D$2000,RECHECKS!$C$2:$C$2000,A60,RECHECKS!$G$2:$G$2000,1)/(3*C60)) | F60: =IF(D60="","",(E60-D60)*100) | G60: =IF(A60="","",INDEX(CHECKS!$F$2:$F$2000,MATCH(A60,CHECKS!$A$2:$A$2000,0))&"") | H60: =IF(OR(A60="",G60=""),"",SUMIFS(RECHECKS!$J$2:$J$2000,RECHECKS!$C$2:$C$2000,A60)) | I60: =IF(OR(H60="",H60=0),"",SUMIFS(RECHECKS!$I$2:$I$2000,RECHECKS!$C$2:$C$2000,A60,RECHECKS!$J$2:$J$2000,1)/(5*H60)) | J60: =IF(OR(H60="",H60=0),"",SUMIFS(RECHECKS!$E$2:$E$2000,RECHECKS!$C$2:$C$2000,A60,RECHECKS!$J$2:$J$2000,1)/(2*H60)) | K60: =IF(I60="","",(J60-I60)*100) | L60: =IF(F60="","",IF(K60="",F60,F60-K60)) | M60: =IF(A60="","",(SUMIFS(SCORES!$D$2:$D$2000,SCORES!$C$2:$C$2000,A60)/(5*COUNTIFS(SCORES!$C$2:$C$2000,A60,SCORES!$D$2:$D$2000,">=0"))-SUMIFS(SCORES!$D$2:$D$2000,SCORES!$D$2:$D$2000,">=0")/(5*COUNTIFS(SCORES!$D$2:$D$2000,">=0")))*100) | N60: =IF(B60="","",IFERROR(INDEX(UNITS!$E$2:$E$2000,MATCH(B60,UNITS!$A$2:$A$2000,0)),"")) | O60: =IF(A60="","",IFERROR(COUNTIFS(SCORES!$C$2:$C$2000,A60,SCORES!$B$2:$B$2000,"C",SCORES!$D$2:$D$2000,">=4")/COUNTIFS(SCORES!$C$2:$C$2000,A60,SCORES!$B$2:$B$2000,"C",SCORES!$D$2:$D$2000,">=0"),"")) | P60: =IF(A60="","",IFERROR(COUNTIFS(SCORES!$C$2:$C$2000,A60,SCORES!$B$2:$B$2000,"J",SCORES!$D$2:$D$2000,">=4")/COUNTIFS(SCORES!$C$2:$C$2000,A60,SCORES!$B$2:$B$2000,"J",SCORES!$D$2:$D$2000,">=0"),"")) | Q60: =IF(OR(O60="",P60=""),"",(O60-P60)*100)
A61: {=IFERROR(INDEX(CHECKS!$A$2:$A$2000,SMALL(IF(CHECKS!$E$2:$E$2000="y",ROW(CHECKS!$E$2:$E$2000)-1),57)),"")} | B61: =IF(A61="","",INDEX(CHECKS!$C$2:$C$2000,MATCH(A61,CHECKS!$A$2:$A$2000,0))) | C61: =IF(A61="","",SUMIFS(RECHECKS!$G$2:$G$2000,RECHECKS!$C$2:$C$2000,A61)) | D61: =IF(OR(A61="",C61=0),"",SUMIFS(RECHECKS!$F$2:$F$2000,RECHECKS!$C$2:$C$2000,A61,RECHECKS!$G$2:$G$2000,1)/(5*C61)) | E61: =IF(OR(A61="",C61=0),"",SUMIFS(RECHECKS!$D$2:$D$2000,RECHECKS!$C$2:$C$2000,A61,RECHECKS!$G$2:$G$2000,1)/(3*C61)) | F61: =IF(D61="","",(E61-D61)*100) | G61: =IF(A61="","",INDEX(CHECKS!$F$2:$F$2000,MATCH(A61,CHECKS!$A$2:$A$2000,0))&"") | H61: =IF(OR(A61="",G61=""),"",SUMIFS(RECHECKS!$J$2:$J$2000,RECHECKS!$C$2:$C$2000,A61)) | I61: =IF(OR(H61="",H61=0),"",SUMIFS(RECHECKS!$I$2:$I$2000,RECHECKS!$C$2:$C$2000,A61,RECHECKS!$J$2:$J$2000,1)/(5*H61)) | J61: =IF(OR(H61="",H61=0),"",SUMIFS(RECHECKS!$E$2:$E$2000,RECHECKS!$C$2:$C$2000,A61,RECHECKS!$J$2:$J$2000,1)/(2*H61)) | K61: =IF(I61="","",(J61-I61)*100) | L61: =IF(F61="","",IF(K61="",F61,F61-K61)) | M61: =IF(A61="","",(SUMIFS(SCORES!$D$2:$D$2000,SCORES!$C$2:$C$2000,A61)/(5*COUNTIFS(SCORES!$C$2:$C$2000,A61,SCORES!$D$2:$D$2000,">=0"))-SUMIFS(SCORES!$D$2:$D$2000,SCORES!$D$2:$D$2000,">=0")/(5*COUNTIFS(SCORES!$D$2:$D$2000,">=0")))*100) | N61: =IF(B61="","",IFERROR(INDEX(UNITS!$E$2:$E$2000,MATCH(B61,UNITS!$A$2:$A$2000,0)),"")) | O61: =IF(A61="","",IFERROR(COUNTIFS(SCORES!$C$2:$C$2000,A61,SCORES!$B$2:$B$2000,"C",SCORES!$D$2:$D$2000,">=4")/COUNTIFS(SCORES!$C$2:$C$2000,A61,SCORES!$B$2:$B$2000,"C",SCORES!$D$2:$D$2000,">=0"),"")) | P61: =IF(A61="","",IFERROR(COUNTIFS(SCORES!$C$2:$C$2000,A61,SCORES!$B$2:$B$2000,"J",SCORES!$D$2:$D$2000,">=4")/COUNTIFS(SCORES!$C$2:$C$2000,A61,SCORES!$B$2:$B$2000,"J",SCORES!$D$2:$D$2000,">=0"),"")) | Q61: =IF(OR(O61="",P61=""),"",(O61-P61)*100)
A62: {=IFERROR(INDEX(CHECKS!$A$2:$A$2000,SMALL(IF(CHECKS!$E$2:$E$2000="y",ROW(CHECKS!$E$2:$E$2000)-1),58)),"")} | B62: =IF(A62="","",INDEX(CHECKS!$C$2:$C$2000,MATCH(A62,CHECKS!$A$2:$A$2000,0))) | C62: =IF(A62="","",SUMIFS(RECHECKS!$G$2:$G$2000,RECHECKS!$C$2:$C$2000,A62)) | D62: =IF(OR(A62="",C62=0),"",SUMIFS(RECHECKS!$F$2:$F$2000,RECHECKS!$C$2:$C$2000,A62,RECHECKS!$G$2:$G$2000,1)/(5*C62)) | E62: =IF(OR(A62="",C62=0),"",SUMIFS(RECHECKS!$D$2:$D$2000,RECHECKS!$C$2:$C$2000,A62,RECHECKS!$G$2:$G$2000,1)/(3*C62)) | F62: =IF(D62="","",(E62-D62)*100) | G62: =IF(A62="","",INDEX(CHECKS!$F$2:$F$2000,MATCH(A62,CHECKS!$A$2:$A$2000,0))&"") | H62: =IF(OR(A62="",G62=""),"",SUMIFS(RECHECKS!$J$2:$J$2000,RECHECKS!$C$2:$C$2000,A62)) | I62: =IF(OR(H62="",H62=0),"",SUMIFS(RECHECKS!$I$2:$I$2000,RECHECKS!$C$2:$C$2000,A62,RECHECKS!$J$2:$J$2000,1)/(5*H62)) | J62: =IF(OR(H62="",H62=0),"",SUMIFS(RECHECKS!$E$2:$E$2000,RECHECKS!$C$2:$C$2000,A62,RECHECKS!$J$2:$J$2000,1)/(2*H62)) | K62: =IF(I62="","",(J62-I62)*100) | L62: =IF(F62="","",IF(K62="",F62,F62-K62)) | M62: =IF(A62="","",(SUMIFS(SCORES!$D$2:$D$2000,SCORES!$C$2:$C$2000,A62)/(5*COUNTIFS(SCORES!$C$2:$C$2000,A62,SCORES!$D$2:$D$2000,">=0"))-SUMIFS(SCORES!$D$2:$D$2000,SCORES!$D$2:$D$2000,">=0")/(5*COUNTIFS(SCORES!$D$2:$D$2000,">=0")))*100) | N62: =IF(B62="","",IFERROR(INDEX(UNITS!$E$2:$E$2000,MATCH(B62,UNITS!$A$2:$A$2000,0)),"")) | O62: =IF(A62="","",IFERROR(COUNTIFS(SCORES!$C$2:$C$2000,A62,SCORES!$B$2:$B$2000,"C",SCORES!$D$2:$D$2000,">=4")/COUNTIFS(SCORES!$C$2:$C$2000,A62,SCORES!$B$2:$B$2000,"C",SCORES!$D$2:$D$2000,">=0"),"")) | P62: =IF(A62="","",IFERROR(COUNTIFS(SCORES!$C$2:$C$2000,A62,SCORES!$B$2:$B$2000,"J",SCORES!$D$2:$D$2000,">=4")/COUNTIFS(SCORES!$C$2:$C$2000,A62,SCORES!$B$2:$B$2000,"J",SCORES!$D$2:$D$2000,">=0"),"")) | Q62: =IF(OR(O62="",P62=""),"",(O62-P62)*100)
A63: {=IFERROR(INDEX(CHECKS!$A$2:$A$2000,SMALL(IF(CHECKS!$E$2:$E$2000="y",ROW(CHECKS!$E$2:$E$2000)-1),59)),"")} | B63: =IF(A63="","",INDEX(CHECKS!$C$2:$C$2000,MATCH(A63,CHECKS!$A$2:$A$2000,0))) | C63: =IF(A63="","",SUMIFS(RECHECKS!$G$2:$G$2000,RECHECKS!$C$2:$C$2000,A63)) | D63: =IF(OR(A63="",C63=0),"",SUMIFS(RECHECKS!$F$2:$F$2000,RECHECKS!$C$2:$C$2000,A63,RECHECKS!$G$2:$G$2000,1)/(5*C63)) | E63: =IF(OR(A63="",C63=0),"",SUMIFS(RECHECKS!$D$2:$D$2000,RECHECKS!$C$2:$C$2000,A63,RECHECKS!$G$2:$G$2000,1)/(3*C63)) | F63: =IF(D63="","",(E63-D63)*100) | G63: =IF(A63="","",INDEX(CHECKS!$F$2:$F$2000,MATCH(A63,CHECKS!$A$2:$A$2000,0))&"") | H63: =IF(OR(A63="",G63=""),"",SUMIFS(RECHECKS!$J$2:$J$2000,RECHECKS!$C$2:$C$2000,A63)) | I63: =IF(OR(H63="",H63=0),"",SUMIFS(RECHECKS!$I$2:$I$2000,RECHECKS!$C$2:$C$2000,A63,RECHECKS!$J$2:$J$2000,1)/(5*H63)) | J63: =IF(OR(H63="",H63=0),"",SUMIFS(RECHECKS!$E$2:$E$2000,RECHECKS!$C$2:$C$2000,A63,RECHECKS!$J$2:$J$2000,1)/(2*H63)) | K63: =IF(I63="","",(J63-I63)*100) | L63: =IF(F63="","",IF(K63="",F63,F63-K63)) | M63: =IF(A63="","",(SUMIFS(SCORES!$D$2:$D$2000,SCORES!$C$2:$C$2000,A63)/(5*COUNTIFS(SCORES!$C$2:$C$2000,A63,SCORES!$D$2:$D$2000,">=0"))-SUMIFS(SCORES!$D$2:$D$2000,SCORES!$D$2:$D$2000,">=0")/(5*COUNTIFS(SCORES!$D$2:$D$2000,">=0")))*100) | N63: =IF(B63="","",IFERROR(INDEX(UNITS!$E$2:$E$2000,MATCH(B63,UNITS!$A$2:$A$2000,0)),"")) | O63: =IF(A63="","",IFERROR(COUNTIFS(SCORES!$C$2:$C$2000,A63,SCORES!$B$2:$B$2000,"C",SCORES!$D$2:$D$2000,">=4")/COUNTIFS(SCORES!$C$2:$C$2000,A63,SCORES!$B$2:$B$2000,"C",SCORES!$D$2:$D$2000,">=0"),"")) | P63: =IF(A63="","",IFERROR(COUNTIFS(SCORES!$C$2:$C$2000,A63,SCORES!$B$2:$B$2000,"J",SCORES!$D$2:$D$2000,">=4")/COUNTIFS(SCORES!$C$2:$C$2000,A63,SCORES!$B$2:$B$2000,"J",SCORES!$D$2:$D$2000,">=0"),"")) | Q63: =IF(OR(O63="",P63=""),"",(O63-P63)*100)
A64: {=IFERROR(INDEX(CHECKS!$A$2:$A$2000,SMALL(IF(CHECKS!$E$2:$E$2000="y",ROW(CHECKS!$E$2:$E$2000)-1),60)),"")} | B64: =IF(A64="","",INDEX(CHECKS!$C$2:$C$2000,MATCH(A64,CHECKS!$A$2:$A$2000,0))) | C64: =IF(A64="","",SUMIFS(RECHECKS!$G$2:$G$2000,RECHECKS!$C$2:$C$2000,A64)) | D64: =IF(OR(A64="",C64=0),"",SUMIFS(RECHECKS!$F$2:$F$2000,RECHECKS!$C$2:$C$2000,A64,RECHECKS!$G$2:$G$2000,1)/(5*C64)) | E64: =IF(OR(A64="",C64=0),"",SUMIFS(RECHECKS!$D$2:$D$2000,RECHECKS!$C$2:$C$2000,A64,RECHECKS!$G$2:$G$2000,1)/(3*C64)) | F64: =IF(D64="","",(E64-D64)*100) | G64: =IF(A64="","",INDEX(CHECKS!$F$2:$F$2000,MATCH(A64,CHECKS!$A$2:$A$2000,0))&"") | H64: =IF(OR(A64="",G64=""),"",SUMIFS(RECHECKS!$J$2:$J$2000,RECHECKS!$C$2:$C$2000,A64)) | I64: =IF(OR(H64="",H64=0),"",SUMIFS(RECHECKS!$I$2:$I$2000,RECHECKS!$C$2:$C$2000,A64,RECHECKS!$J$2:$J$2000,1)/(5*H64)) | J64: =IF(OR(H64="",H64=0),"",SUMIFS(RECHECKS!$E$2:$E$2000,RECHECKS!$C$2:$C$2000,A64,RECHECKS!$J$2:$J$2000,1)/(2*H64)) | K64: =IF(I64="","",(J64-I64)*100) | L64: =IF(F64="","",IF(K64="",F64,F64-K64)) | M64: =IF(A64="","",(SUMIFS(SCORES!$D$2:$D$2000,SCORES!$C$2:$C$2000,A64)/(5*COUNTIFS(SCORES!$C$2:$C$2000,A64,SCORES!$D$2:$D$2000,">=0"))-SUMIFS(SCORES!$D$2:$D$2000,SCORES!$D$2:$D$2000,">=0")/(5*COUNTIFS(SCORES!$D$2:$D$2000,">=0")))*100) | N64: =IF(B64="","",IFERROR(INDEX(UNITS!$E$2:$E$2000,MATCH(B64,UNITS!$A$2:$A$2000,0)),"")) | O64: =IF(A64="","",IFERROR(COUNTIFS(SCORES!$C$2:$C$2000,A64,SCORES!$B$2:$B$2000,"C",SCORES!$D$2:$D$2000,">=4")/COUNTIFS(SCORES!$C$2:$C$2000,A64,SCORES!$B$2:$B$2000,"C",SCORES!$D$2:$D$2000,">=0"),"")) | P64: =IF(A64="","",IFERROR(COUNTIFS(SCORES!$C$2:$C$2000,A64,SCORES!$B$2:$B$2000,"J",SCORES!$D$2:$D$2000,">=4")/COUNTIFS(SCORES!$C$2:$C$2000,A64,SCORES!$B$2:$B$2000,"J",SCORES!$D$2:$D$2000,">=0"),"")) | Q64: =IF(OR(O64="",P64=""),"",(O64-P64)*100)
A66: Summary
A67: Cycles with data | D67: =COUNT(F5:F64) -> 6
A68: Cycles with positive net gain | D68: =COUNTIF(L5:L64,">0") -> 6
A69: Pooled gain (pts, mean) | D69: =IFERROR(AVERAGE(F5:F64),"") -> 20.324011
A70: Pooled comparison change (pts, mean) | D70: =IFERROR(AVERAGE(K5:K64),"") -> -2.4643195
A71: Pooled net gain (pts, mean) | D71: =IFERROR(AVERAGE(L5:L64),"") -> 22.37761
A72: Total paired student-cycles | D72: =SUM(C5:C64) -> 256
A73: Cycles with n paired < 40 (treat with caution) | D73: =COUNTIFS(C5:C64,"<40",C5:C64,">0") -> 0

Sheet SCORES
A1: Code | B1: Teacher | C1: Check ID | D1: Score (/5) | E1: Level (1-4)
A2: S01 | B2: C | C2: W01 | D2: 4 | E2: 3
A3: S02 | B3: C | C3: W01 | D3: A
A4: S03 | B4: C | C4: W01 | D4: 2 | E4: 2
A5: S04 | B5: C | C5: W01 | D5: 2 | E5: 2
A6: S05 | B6: C | C6: W01 | D6: 1 | E6: 1
A7: S06 | B7: C | C7: W01 | D7: 4 | E7: 3
A8: S07 | B8: C | C8: W01 | D8: 5 | E8: 4
A9: S08 | B9: C | C9: W01 | D9: 3 | E9: 2
A10: S09 | B10: C | C10: W01 | D10: 3 | E10: 2
A11: S10 | B11: C | C11: W01 | D11: 5 | E11: 4
A12: S11 | B12: C | C12: W01 | D12: 4 | E12: 3
A13: S12 | B13: C | C13: W01 | D13: 3 | E13: 2
A14: S13 | B14: C | C14: W01 | D14: 1 | E14: 1
A15: S14 | B15: C | C15: W01 | D15: 5 | E15: 4
A16: S15 | B16: C | C16: W01 | D16: A
A17: S16 | B17: C | C17: W01 | D17: A
A18: S17 | B18: C | C18: W01 | D18: 2 | E18: 2
A19: S18 | B19: C | C19: W01 | D19: 2 | E19: 2
A20: S19 | B20: C | C20: W01 | D20: 4 | E20: 3
A21: S20 | B21: C | C21: W01 | D21: 3 | E21: 2
A22: S21 | B22: C | C22: W01 | D22: 3 | E22: 2
A23: S22 | B23: C | C23: W01 | D23: 4 | E23: 3
A24: S23 | B24: C | C24: W01 | D24: 2 | E24: 2
A25: S24 | B25: C | C25: W01 | D25: 2 | E25: 2
A26: S25 | B26: C | C26: W01 | D26: A
A27: S01 | B27: J | C27: W01 | D27: A
A28: S02 | B28: J | C28: W01 | D28: 2 | E28: 2
A29: S03 | B29: J | C29: W01 | D29: 4 | E29: 3
A30: S04 | B30: J | C30: W01 | D30: 3 | E30: 2
A31: S05 | B31: J | C31: W01 | D31: 4 | E31: 3
A32: S06 | B32: J | C32: W01 | D32: 2 | E32: 2
A33: S07 | B33: J | C33: W01 | D33: 3 | E33: 2
A34: S08 | B34: J | C34: W01 | D34: 1 | E34: 1
A35: S09 | B35: J | C35: W01 | D35: 4 | E35: 3
A36: S10 | B36: J | C36: W01 | D36: 2 | E36: 2
A37: S11 | B37: J | C37: W01 | D37: 5 | E37: 4
A38: S12 | B38: J | C38: W01 | D38: 3 | E38: 2
A39: S13 | B39: J | C39: W01 | D39: 0 | E39: 1
A40: S14 | B40: J | C40: W01 | D40: A
A41: S15 | B41: J | C41: W01 | D41: 5 | E41: 4
A42: S16 | B42: J | C42: W01 | D42: 1 | E42: 1
A43: S17 | B43: J | C43: W01 | D43: 4 | E43: 3
A44: S18 | B44: J | C44: W01 | D44: 3 | E44: 2
A45: S19 | B45: J | C45: W01 | D45: 0 | E45: 1
A46: S20 | B46: J | C46: W01 | D46: 2 | E46: 2
A47: S21 | B47: J | C47: W01 | D47: 5 | E47: 4
A48: S22 | B48: J | C48: W01 | D48: 1 | E48: 1
A49: S23 | B49: J | C49: W01 | D49: 2 | E49: 2
A50: S24 | B50: J | C50: W01 | D50: 3 | E50: 2
A51: S25 | B51: J | C51: W01 | D51: 4 | E51: 3
A52: S01 | B52: C | C52: W02 | D52: 3 | E52: 2
A53: S02 | B53: C | C53: W02 | D53: 2 | E53: 2
A54: S03 | B54: C | C54: W02 | D54: A
A55: S04 | B55: C | C55: W02 | D55: 3 | E55: 2
A56: S05 | B56: C | C56: W02 | D56: 2 | E56: 2
A57: S06 | B57: C | C57: W02 | D57: A
A58: S07 | B58: C | C58: W02 | D58: 3 | E58: 2
A59: S08 | B59: C | C59: W02 | D59: 3 | E59: 2
A60: S09 | B60: C | C60: W02 | D60: 4 | E60: 3
A61: S10 | B61: C | C61: W02 | D61: 5 | E61: 4
A62: S11 | B62: C | C62: W02 | D62: 5 | E62: 4
A63: S12 | B63: C | C63: W02 | D63: 4 | E63: 3
A64: S13 | B64: C | C64: W02 | D64: 1 | E64: 1
A65: S14 | B65: C | C65: W02 | D65: 3 | E65: 2
A66: S15 | B66: C | C66: W02 | D66: 5 | E66: 4
A67: S16 | B67: C | C67: W02 | D67: 3 | E67: 2
A68: S17 | B68: C | C68: W02 | D68: 1 | E68: 1
A69: S18 | B69: C | C69: W02 | D69: 0 | E69: 1
... A74: S23 | B74: C | C74: W02 | D74: 3 | E74: 2
A75: S24 | B75: C | C75: W02 | D75: A
A76: S25 | B76: C | C76: W02 | D76: 1 | E76: 1
A77: S01 | B77: J | C77: W02 | D77: 1 | E77: 1
A78: S02 | B78: J | C78: W02 | D78: 3 | E78: 2
A79: S03 | B79: J | C79: W02 | D79: 4 | E79: 3
A80: S04 | B80: J | C80: W02 | D80: 3 | E80: 2
A81: S05 | B81: J | C81: W02 | D81: 4 | E81: 3
A82: S06 | B82: J | C82: W02 | D82: 1 | E82: 1
A83: S07 | B83: J | C83: W02 | D83: 0 | E83: 1
A84: S08 | B84: J | C84: W02 | D84: 3 | E84: 2
A85: S09 | B85: J | C85: W02 | D85: A
A86: S10 | B86: J | C86: W02 | D86: 2 | E86: 2
A87: S11 | B87: J | C87: W02 | D87: 4 | E87: 3
A88: S12 | B88: J | C88: W02 | D88: 1 | E88: 1
A89: S13 | B89: J | C89: W02 | D89: 3 | E89: 2
A90: S14 | B90: J | C90: W02 | D90: 1 | E90: 1
A91: S15 | B91: J | C91: W02 | D91: 4 | E91: 3
A92: S16 | B92: J | C92: W02 | D92: A
A93: S17 | B93: J | C93: W02 | D93: 5 | E93: 4
A94: S18 | B94: J | C94: W02 | D94: 2 | E94: 2
A95: S19 | B95: J | C95: W02 | D95: 0 | E95: 1
A96: S20 | B96: J | C96: W02 | D96: 5 | E96: 4
A97: S21 | B97: J | C97: W02 | D97: 4 | E97: 3
A98: S22 | B98: J | C98: W02 | D98: 0 | E98: 1
A99: S23 | B99: J | C99: W02 | D99: 1 | E99: 1
A100: S24 | B100: J | C100: W02 | D100: 2 | E100: 2
A101: S25 | B101: J | C101: W02 | D101: 2 | E101: 2
A102: S01 | B102: C | C102: W03 | D102: 4 | E102: 3
A103: S02 | B103: C | C103: W03 | D103: 3 | E103: 2
A104: S03 | B104: C | C104: W03 | D104: 5 | E104: 4
...

Sheet RECHECKS
A1: Code | B1: Teacher | C1: Check ID | D1: Retaught correct (/3) | E1: Comparison correct (/2) | F1: First score (/5) | G1: Paired | H1: Comparison check ID | I1: Comparison first score (/5) | J1: Comparison paired
A2: S01 | B2: C | C2: W01 | D2: 2 | F2: =IF(COUNTIFS(SCORES!$A$2:$A$2000,A2,SCORES!$B$2:$B$2000,B2,SCORES!$C$2:$C$2000,C2,SCORES!$D$2:$D$2000,">=0")>0,SUMIFS(SCORES!$D$2:$D$2000,SCORES!$A$2:$A$2000,A2,SCORES!$B$2:$B$2000,B2,SCORES!$C$2:$C$2000,C2),"") -> 4 | G2: =IF(AND(ISNUMBER(F2),ISNUMBER(D2)),1,0) -> 1 | H2: =IFERROR(INDEX(CHECKS!$F$2:$F$2000,MATCH(C2,CHECKS!$A$2:$A$2000,0))&"","") | I2: =IF(H2="","",IF(COUNTIFS(SCORES!$A$2:$A$2000,A2,SCORES!$B$2:$B$2000,B2,SCORES!$C$2:$C$2000,H2,SCORES!$D$2:$D$2000,">=0")>0,SUMIFS(SCORES!$D$2:$D$2000,SCORES!$A$2:$A$2000,A2,SCORES!$B$2:$B$2000,B2,SCORES!$C$2:$C$2000,H2),"")) | J2: =IF(AND(ISNUMBER(I2),ISNUMBER(E2)),1,0) -> 0
A3: S02 | B3: C | C3: W01 | D3: 3 | F3: =IF(COUNTIFS(SCORES!$A$2:$A$2000,A3,SCORES!$B$2:$B$2000,B3,SCORES!$C$2:$C$2000,C3,SCORES!$D$2:$D$2000,">=0")>0,SUMIFS(SCORES!$D$2:$D$2000,SCORES!$A$2:$A$2000,A3,SCORES!$B$2:$B$2000,B3,SCORES!$C$2:$C$2000,C3),"") | G3: =IF(AND(ISNUMBER(F3),ISNUMBER(D3)),1,0) -> 0 | H3: =IFERROR(INDEX(CHECKS!$F$2:$F$2000,MATCH(C3,CHECKS!$A$2:$A$2000,0))&"","") | I3: =IF(H3="","",IF(COUNTIFS(SCORES!$A$2:$A$2000,A3,SCORES!$B$2:$B$2000,B3,SCORES!$C$2:$C$2000,H3,SCORES!$D$2:$D$2000,">=0")>0,SUMIFS(SCORES!$D$2:$D$2000,SCORES!$A$2:$A$2000,A3,SCORES!$B$2:$B$2000,B3,SCORES!$C$2:$C$2000,H3),"")) | J3: =IF(AND(ISNUMBER(I3),ISNUMBER(E3)),1,0) -> 0
A4: S03 | B4: C | C4: W01 | D4: 2 | F4: =IF(COUNTIFS(SCORES!$A$2:$A$2000,A4,SCORES!$B$2:$B$2000,B4,SCORES!$C$2:$C$2000,C4,SCORES!$D$2:$D$2000,">=0")>0,SUMIFS(SCORES!$D$2:$D$2000,SCORES!$A$2:$A$2000,A4,SCORES!$B$2:$B$2000,B4,SCORES!$C$2:$C$2000,C4),"") -> 2 | G4: =IF(AND(ISNUMBER(F4),ISNUMBER(D4)),1,0) -> 1 | H4: =IFERROR(INDEX(CHECKS!$F$2:$F$2000,MATCH(C4,CHECKS!$A$2:$A$2000,0))&"","") | I4: =IF(H4="","",IF(COUNTIFS(SCORES!$A$2:$A$2000,A4,SCORES!$B$2:$B$2000,B4,SCORES!$C$2:$C$2000,H4,SCORES!$D$2:$D$2000,">=0")>0,SUMIFS(SCORES!$D$2:$D$2000,SCORES!$A$2:$A$2000,A4,SCORES!$B$2:$B$2000,B4,SCORES!$C$2:$C$2000,H4),"")) | J4: =IF(AND(ISNUMBER(I4),ISNUMBER(E4)),1,0) -> 0
A5: S04 | B5: C | C5: W01 | D5: 2 | F5: =IF(COUNTIFS(SCORES!$A$2:$A$2000,A5,SCORES!$B$2:$B$2000,B5,SCORES!$C$2:$C$2000,C5,SCORES!$D$2:$D$2000,">=0")>0,SUMIFS(SCORES!$D$2:$D$2000,SCORES!$A$2:$A$2000,A5,SCORES!$B$2:$B$2000,B5,SCORES!$C$2:$C$2000,C5),"") -> 2 | G5: =IF(AND(ISNUMBER(F5),ISNUMBER(D5)),1,0) -> 1 | H5: =IFERROR(INDEX(CHECKS!$F$2:$F$2000,MATCH(C5,CHECKS!$A$2:$A$2000,0))&"","") | I5: =IF(H5="","",IF(COUNTIFS(SCORES!$A$2:$A$2000,A5,SCORES!$B$2:$B$2000,B5,SCORES!$C$2:$C$2000,H5,SCORES!$D$2:$D$2000,">=0")>0,SUMIFS(SCORES!$D$2:$D$2000,SCORES!$A$2:$A$2000,A5,SCORES!$B$2:$B$2000,B5,SCORES!$C$2:$C$2000,H5),"")) | J5: =IF(AND(ISNUMBER(I5),ISNUMBER(E5)),1,0) -> 0
A6: S05 | B6: C | C6: W01 | D6: 2 | F6: =IF(COUNTIFS(SCORES!$A$2:$A$2000,A6,SCORES!$B$2:$B$2000,B6,SCORES!$C$2:$C$2000,C6,SCORES!$D$2:$D$2000,">=0")>0,SUMIFS(SCORES!$D$2:$D$2000,SCORES!$A$2:$A$2000,A6,SCORES!$B$2:$B$2000,B6,SCORES!$C$2:$C$2000,C6),"") -> 1 | G6: =IF(AND(ISNUMBER(F6),ISNUMBER(D6)),1,0) -> 1 | H6: =IFERROR(INDEX(CHECKS!$F$2:$F$2000,MATCH(C6,CHECKS!$A$2:$A$2000,0))&"","") | I6: =IF(H6="","",IF(COUNTIFS(SCORES!$A$2:$A$2000,A6,SCORES!$B$2:$B$2000,B6,SCORES!$C$2:$C$2000,H6,SCORES!$D$2:$D$2000,">=0")>0,SUMIFS(SCORES!$D$2:$D$2000,SCORES!$A$2:$A$2000,A6,SCORES!$B$2:$B$2000,B6,SCORES!$C$2:$C$2000,H6),"")) | J6: =IF(AND(ISNUMBER(I6),ISNUMBER(E6)),1,0) -> 0
A7: S06 | B7: C | C7: W01 | D7: 3 | F7: =IF(COUNTIFS(SCORES!$A$2:$A$2000,A7,SCORES!$B$2:$B$2000,B7,SCORES!$C$2:$C$2000,C7,SCORES!$D$2:$D$2000,">=0")>0,SUMIFS(SCORES!$D$2:$D$2000,SCORES!$A$2:$A$2000,A7,SCORES!$B$2:$B$2000,B7,SCORES!$C$2:$C$2000,C7),"") -> 4 | G7: =IF(AND(ISNUMBER(F7),ISNUMBER(D7)),1,0) -> 1 | H7: =IFERROR(INDEX(CHECKS!$F$2:$F$2000,MATCH(C7,CHECKS!$A$2:$A$2000,0))&"","") | I7: =IF(H7="","",IF(COUNTIFS(SCORES!$A$2:$A$2000,A7,SCORES!$B$2:$B$2000,B7,SCORES!$C$2:$C$2000,H7,SCORES!$D$2:$D$2000,">=0")>0,SUMIFS(SCORES!$D$2:$D$2000,SCORES!$A$2:$A$2000,A7,SCORES!$B$2:$B$2000,B7,SCORES!$C$2:$C$2000,H7),"")) | J7: =IF(AND(ISNUMBER(I7),ISNUMBER(E7)),1,0) -> 0
A8: S07 | B8: C | C8: W01 | D8: 3 | F8: =IF(COUNTIFS(SCORES!$A$2:$A$2000,A8,SCORES!$B$2:$B$2000,B8,SCORES!$C$2:$C$2000,C8,SCORES!$D$2:$D$2000,">=0")>0,SUMIFS(SCORES!$D$2:$D$2000,SCORES!$A$2:$A$2000,A8,SCORES!$B$2:$B$2000,B8,SCORES!$C$2:$C$2000,C8),"") -> 5 | G8: =IF(AND(ISNUMBER(F8),ISNUMBER(D8)),1,0) -> 1 | H8: =IFERROR(INDEX(CHECKS!$F$2:$F$2000,MATCH(C8,CHECKS!$A$2:$A$2000,0))&"","") | I8: =IF(H8="","",IF(COUNTIFS(SCORES!$A$2:$A$2000,A8,SCORES!$B$2:$B$2000,B8,SCORES!$C$2:$C$2000,H8,SCORES!$D$2:$D$2000,">=0")>0,SUMIFS(SCORES!$D$2:$D$2000,SCORES!$A$2:$A$2000,A8,SCORES!$B$2:$B$2000,B8,SCORES!$C$2:$C$2000,H8),"")) | J8: =IF(AND(ISNUMBER(I8),ISNUMBER(E8)),1,0) -> 0
A9: S08 | B9: C | C9: W01 | D9: 3 | F9: =IF(COUNTIFS(SCORES!$A$2:$A$2000,A9,SCORES!$B$2:$B$2000,B9,SCORES!$C$2:$C$2000,C9,SCORES!$D$2:$D$2000,">=0")>0,SUMIFS(SCORES!$D$2:$D$2000,SCORES!$A$2:$A$2000,A9,SCORES!$B$2:$B$2000,B9,SCORES!$C$2:$C$2000,C9),"") -> 3 | G9: =IF(AND(ISNUMBER(F9),ISNUMBER(D9)),1,0) -> 1 | H9: =IFERROR(INDEX(CHECKS!$F$2:$F$2000,MATCH(C9,CHECKS!$A$2:$A$2000,0))&"","") | I9: =IF(H9="","",IF(COUNTIFS(SCORES!$A$2:$A$2000,A9,SCORES!$B$2:$B$2000,B9,SCORES!$C$2:$C$2000,H9,SCORES!$D$2:$D$2000,">=0")>0,SUMIFS(SCORES!$D$2:$D$2000,SCORES!$A$2:$A$2000,A9,SCORES!$B$2:$B$2000,B9,SCORES!$C$2:$C$2000,H9),"")) | J9: =IF(AND(ISNUMBER(I9),ISNUMBER(E9)),1,0) -> 0
A10: S09 | B10: C | C10: W01 | D10: 3 | F10: =IF(COUNTIFS(SCORES!$A$2:$A$2000,A10,SCORES!$B$2:$B$2000,B10,SCORES!$C$2:$C$2000,C10,SCORES!$D$2:$D$2000,">=0")>0,SUMIFS(SCORES!$D$2:$D$2000,SCORES!$A$2:$A$2000,A10,SCORES!$B$2:$B$2000,B10,SCORES!$C$2:$C$2000,C10),"") -> 3 | G10: =IF(AND(ISNUMBER(F10),ISNUMBER(D10)),1,0) -> 1 | H10: =IFERROR(INDEX(CHECKS!$F$2:$F$2000,MATCH(C10,CHECKS!$A$2:$A$2000,0))&"","") | I10: =IF(H10="","",IF(COUNTIFS(SCORES!$A$2:$A$2000,A10,SCORES!$B$2:$B$2000,B10,SCORES!$C$2:$C$2000,H10,SCORES!$D$2:$D$2000,">=0")>0,SUMIFS(SCORES!$D$2:$D$2000,SCORES!$A$2:$A$2000,A10,SCORES!$B$2:$B$2000,B10,SCORES!$C$2:$C$2000,H10),"")) | J10: =IF(AND(ISNUMBER(I10),ISNUMBER(E10)),1,0) -> 0
A11: S10 | B11: C | C11: W01 | D11: 3 | F11: =IF(COUNTIFS(SCORES!$A$2:$A$2000,A11,SCORES!$B$2:$B$2000,B11,SCORES!$C$2:$C$2000,C11,SCORES!$D$2:$D$2000,">=0")>0,SUMIFS(SCORES!$D$2:$D$2000,SCORES!$A$2:$A$2000,A11,SCORES!$B$2:$B$2000,B11,SCORES!$C$2:$C$2000,C11),"") -> 5 | G11: =IF(AND(ISNUMBER(F11),ISNUMBER(D11)),1,0) -> 1 | H11: =IFERROR(INDEX(CHECKS!$F$2:$F$2000,MATCH(C11,CHECKS!$A$2:$A$2000,0))&"","") | I11: =IF(H11="","",IF(COUNTIFS(SCORES!$A$2:$A$2000,A11,SCORES!$B$2:$B$2000,B11,SCORES!$C$2:$C$2000,H11,SCORES!$D$2:$D$2000,">=0")>0,SUMIFS(SCORES!$D$2:$D$2000,SCORES!$A$2:$A$2000,A11,SCORES!$B$2:$B$2000,B11,SCORES!$C$2:$C$2000,H11),"")) | J11: =IF(AND(ISNUMBER(I11),ISNUMBER(E11)),1,0) -> 0
A12: S11 | B12: C | C12: W01 | D12: 3 | F12: =IF(COUNTIFS(SCORES!$A$2:$A$2000,A12,SCORES!$B$2:$B$2000,B12,SCORES!$C$2:$C$2000,C12,SCORES!$D$2:$D$2000,">=0")>0,SUMIFS(SCORES!$D$2:$D$2000,SCORES!$A$2:$A$2000,A12,SCORES!$B$2:$B$2000,B12,SCORES!$C$2:$C$2000,C12),"") -> 4 | G12: =IF(AND(ISNUMBER(F12),ISNUMBER(D12)),1,0) -> 1 | H12: =IFERROR(INDEX(CHECKS!$F$2:$F$2000,MATCH(C12,CHECKS!$A$2:$A$2000,0))&"","") | I12: =IF(H12="","",IF(COUNTIFS(SCORES!$A$2:$A$2000,A12,SCORES!$B$2:$B$2000,B12,SCORES!$C$2:$C$2000,H12,SCORES!$D$2:$D$2000,">=0")>0,SUMIFS(SCORES!$D$2:$D$2000,SCORES!$A$2:$A$2000,A12,SCORES!$B$2:$B$2000,B12,SCORES!$C$2:$C$2000,H12),"")) | J12: =IF(AND(ISNUMBER(I12),ISNUMBER(E12)),1,0) -> 0
A13: S12 | B13: C | C13: W01 | D13: 3 | F13: =IF(COUNTIFS(SCORES!$A$2:$A$2000,A13,SCORES!$B$2:$B$2000,B13,SCORES!$C$2:$C$2000,C13,SCORES!$D$2:$D$2000,">=0")>0,SUMIFS(SCORES!$D$2:$D$2000,SCORES!$A$2:$A$2000,A13,SCORES!$B$2:$B$2000,B13,SCORES!$C$2:$C$2000,C13),"") -> 3 | G13: =IF(AND(ISNUMBER(F13),ISNUMBER(D13)),1,0) -> 1 | H13: =IFERROR(INDEX(CHECKS!$F$2:$F$2000,MATCH(C13,CHECKS!$A$2:$A$2000,0))&"","") | I13: =IF(H13="","",IF(COUNTIFS(SCORES!$A$2:$A$2000,A13,SCORES!$B$2:$B$2000,B13,SCORES!$C$2:$C$2000,H13,SCORES!$D$2:$D$2000,">=0")>0,SUMIFS(SCORES!$D$2:$D$2000,SCORES!$A$2:$A$2000,A13,SCORES!$B$2:$B$2000,B13,SCORES!$C$2:$C$2000,H13),"")) | J13: =IF(AND(ISNUMBER(I13),ISNUMBER(E13)),1,0) -> 0
... A48: S25 | B48: J | C48: W01 | D48: 3 | F48: =IF(COUNTIFS(SCORES!$A$2:$A$2000,A48,SCORES!$B$2:$B$2000,B48,SCORES!$C$2:$C$2000,C48,SCORES!$D$2:$D$2000,">=0")>0,SUMIFS(SCORES!$D$2:$D$2000,SCORES!$A$2:$A$2000,A48,SCORES!$B$2:$B$2000,B48,SCORES!$C$2:$C$2000,C48),"") -> 4 | G48: =IF(AND(ISNUMBER(F48),ISNUMBER(D48)),1,0) -> 1 | H48: =IFERROR(INDEX(CHECKS!$F$2:$F$2000,MATCH(C48,CHECKS!$A$2:$A$2000,0))&"","") | I48: =IF(H48="","",IF(COUNTIFS(SCORES!$A$2:$A$2000,A48,SCORES!$B$2:$B$2000,B48,SCORES!$C$2:$C$2000,H48,SCORES!$D$2:$D$2000,">=0")>0,SUMIFS(SCORES!$D$2:$D$2000,SCORES!$A$2:$A$2000,A48,SCORES!$B$2:$B$2000,B48,SCORES!$C$2:$C$2000,H48),"")) | J48: =IF(AND(ISNUMBER(I48),ISNUMBER(E48)),1,0) -> 0
A49: S01 | B49: C | C49: W02 | D49: 2 | E49: 0 | F49: =IF(COUNTIFS(SCORES!$A$2:$A$2000,A49,SCORES!$B$2:$B$2000,B49,SCORES!$C$2:$C$2000,C49,SCORES!$D$2:$D$2000,">=0")>0,SUMIFS(SCORES!$D$2:$D$2000,SCORES!$A$2:$A$2000,A49,SCORES!$B$2:$B$2000,B49,SCORES!$C$2:$C$2000,C49),"") -> 3 | G49: =IF(AND(ISNUMBER(F49),ISNUMBER(D49)),1,0) -> 1 | H49: =IFERROR(INDEX(CHECKS!$F$2:$F$2000,MATCH(C49,CHECKS!$A$2:$A$2000,0))&"","") -> W01 | I49: =IF(H49="","",IF(COUNTIFS(SCORES!$A$2:$A$2000,A49,SCORES!$B$2:$B$2000,B49,SCORES!$C$2:$C$2000,H49,SCORES!$D$2:$D$2000,">=0")>0,SUMIFS(SCORES!$D$2:$D$2000,SCORES!$A$2:$A$2000,A49,SCORES!$B$2:$B$2000,B49,SCORES!$C$2:$C$2000,H49),"")) -> 4 | J49: =IF(AND(ISNUMBER(I49),ISNUMBER(E49)),1,0) -> 1
A50: S02 | B50: C | C50: W02 | D50: 3 | E50: 2 | F50: =IF(COUNTIFS(SCORES!$A$2:$A$2000,A50,SCORES!$B$2:$B$2000,B50,SCORES!$C$2:$C$2000,C50,SCORES!$D$2:$D$2000,">=0")>0,SUMIFS(SCORES!$D$2:$D$2000,SCORES!$A$2:$A$2000,A50,SCORES!$B$2:$B$2000,B50,SCORES!$C$2:$C$2000,C50),"") -> 2 | G50: =IF(AND(ISNUMBER(F50),ISNUMBER(D50)),1,0) -> 1 | H50: =IFERROR(INDEX(CHECKS!$F$2:$F$2000,MATCH(C50,CHECKS!$A$2:$A$2000,0))&"","") -> W01 | I50: =IF(H50="","",IF(COUNTIFS(SCORES!$A$2:$A$2000,A50,SCORES!$B$2:$B$2000,B50,SCORES!$C$2:$C$2000,H50,SCORES!$D$2:$D$2000,">=0")>0,SUMIFS(SCORES!$D$2:$D$2000,SCORES!$A$2:$A$2000,A50,SCORES!$B$2:$B$2000,B50,SCORES!$C$2:$C$2000,H50),"")) | J50: =IF(AND(ISNUMBER(I50),ISNUMBER(E50)),1,0) -> 0
A51: S03 | B51: C | C51: W02 | D51: 2 | E51: 0 | F51: =IF(COUNTIFS(SCORES!$A$2:$A$2000,A51,SCORES!$B$2:$B$2000,B51,SCORES!$C$2:$C$2000,C51,SCORES!$D$2:$D$2000,">=0")>0,SUMIFS(SCORES!$D$2:$D$2000,SCORES!$A$2:$A$2000,A51,SCORES!$B$2:$B$2000,B51,SCORES!$C$2:$C$2000,C51),"") | G51: =IF(AND(ISNUMBER(F51),ISNUMBER(D51)),1,0) -> 0 | H51: =IFERROR(INDEX(CHECKS!$F$2:$F$2000,MATCH(C51,CHECKS!$A$2:$A$2000,0))&"","") -> W01 | I51: =IF(H51="","",IF(COUNTIFS(SCORES!$A$2:$A$2000,A51,SCORES!$B$2:$B$2000,B51,SCORES!$C$2:$C$2000,H51,SCORES!$D$2:$D$2000,">=0")>0,SUMIFS(SCORES!$D$2:$D$2000,SCORES!$A$2:$A$2000,A51,SCORES!$B$2:$B$2000,B51,SCORES!$C$2:$C$2000,H51),"")) -> 2 | J51: =IF(AND(ISNUMBER(I51),ISNUMBER(E51)),1,0) -> 1
A52: S04 | B52: C | C52: W02 | D52: 1 | E52: 1 | F52: =IF(COUNTIFS(SCORES!$A$2:$A$2000,A52,SCORES!$B$2:$B$2000,B52,SCORES!$C$2:$C$2000,C52,SCORES!$D$2:$D$2000,">=0")>0,SUMIFS(SCORES!$D$2:$D$2000,SCORES!$A$2:$A$2000,A52,SCORES!$B$2:$B$2000,B52,SCORES!$C$2:$C$2000,C52),"") -> 3 | G52: =IF(AND(ISNUMBER(F52),ISNUMBER(D52)),1,0) -> 1 | H52: =IFERROR(INDEX(CHECKS!$F$2:$F$2000,MATCH(C52,CHECKS!$A$2:$A$2000,0))&"","") -> W01 | I52: =IF(H52="","",IF(COUNTIFS(SCORES!$A$2:$A$2000,A52,SCORES!$B$2:$B$2000,B52,SCORES!$C$2:$C$2000,H52,SCORES!$D$2:$D$2000,">=0")>0,SUMIFS(SCORES!$D$2:$D$2000,SCORES!$A$2:$A$2000,A52,SCORES!$B$2:$B$2000,B52,SCORES!$C$2:$C$2000,H52),"")) -> 2 | J52: =IF(AND(ISNUMBER(I52),ISNUMBER(E52)),1,0) -> 1
A53: S05 | B53: C | C53: W02 | D53: 2 | E53: 1 | F53: =IF(COUNTIFS(SCORES!$A$2:$A$2000,A53,SCORES!$B$2:$B$2000,B53,SCORES!$C$2:$C$2000,C53,SCORES!$D$2:$D$2000,">=0")>0,SUMIFS(SCORES!$D$2:$D$2000,SCORES!$A$2:$A$2000,A53,SCORES!$B$2:$B$2000,B53,SCORES!$C$2:$C$2000,C53),"") -> 2 | G53: =IF(AND(ISNUMBER(F53),ISNUMBER(D53)),1,0) -> 1 | H53: =IFERROR(INDEX(CHECKS!$F$2:$F$2000,MATCH(C53,CHECKS!$A$2:$A$2000,0))&"","") -> W01 | I53: =IF(H53="","",IF(COUNTIFS(SCORES!$A$2:$A$2000,A53,SCORES!$B$2:$B$2000,B53,SCORES!$C$2:$C$2000,H53,SCORES!$D$2:$D$2000,">=0")>0,SUMIFS(SCORES!$D$2:$D$2000,SCORES!$A$2:$A$2000,A53,SCORES!$B$2:$B$2000,B53,SCORES!$C$2:$C$2000,H53),"")) -> 1 | J53: =IF(AND(ISNUMBER(I53),ISNUMBER(E53)),1,0) -> 1
A54: S06 | B54: C | C54: W02 | D54: 3 | E54: 0 | F54: =IF(COUNTIFS(SCORES!$A$2:$A$2000,A54,SCORES!$B$2:$B$2000,B54,SCORES!$C$2:$C$2000,C54,SCORES!$D$2:$D$2000,">=0")>0,SUMIFS(SCORES!$D$2:$D$2000,SCORES!$A$2:$A$2000,A54,SCORES!$B$2:$B$2000,B54,SCORES!$C$2:$C$2000,C54),"") | G54: =IF(AND(ISNUMBER(F54),ISNUMBER(D54)),1,0) -> 0 | H54: =IFERROR(INDEX(CHECKS!$F$2:$F$2000,MATCH(C54,CHECKS!$A$2:$A$2000,0))&"","") -> W01 | I54: =IF(H54="","",IF(COUNTIFS(SCORES!$A$2:$A$2000,A54,SCORES!$B$2:$B$2000,B54,SCORES!$C$2:$C$2000,H54,SCORES!$D$2:$D$2000,">=0")>0,SUMIFS(SCORES!$D$2:$D$2000,SCORES!$A$2:$A$2000,A54,SCORES!$B$2:$B$2000,B54,SCORES!$C$2:$C$2000,H54),"")) -> 4 | J54: =IF(AND(ISNUMBER(I54),ISNUMBER(E54)),1,0) -> 1
A55: S07 | B55: C | C55: W02 | D55: 2 | E55: 2 | F55: =IF(COUNTIFS(SCORES!$A$2:$A$2000,A55,SCORES!$B$2:$B$2000,B55,SCORES!$C$2:$C$2000,C55,SCORES!$D$2:$D$2000,">=0")>0,SUMIFS(SCORES!$D$2:$D$2000,SCORES!$A$2:$A$2000,A55,SCORES!$B$2:$B$2000,B55,SCORES!$C$2:$C$2000,C55),"") -> 3 | G55: =IF(AND(ISNUMBER(F55),ISNUMBER(D55)),1,0) -> 1 | H55: =IFERROR(INDEX(CHECKS!$F$2:$F$2000,MATCH(C55,CHECKS!$A$2:$A$2000,0))&"","") -> W01 | I55: =IF(H55="","",IF(COUNTIFS(SCORES!$A$2:$A$2000,A55,SCORES!$B$2:$B$2000,B55,SCORES!$C$2:$C$2000,H55,SCORES!$D$2:$D$2000,">=0")>0,SUMIFS(SCORES!$D$2:$D$2000,SCORES!$A$2:$A$2000,A55,SCORES!$B$2:$B$2000,B55,SCORES!$C$2:$C$2000,H55),"")) -> 5 | J55: =IF(AND(ISNUMBER(I55),ISNUMBER(E55)),1,0) -> 1
A56: S08 | B56: C | C56: W02 | D56: 3 | E56: 2 | F56: =IF(COUNTIFS(SCORES!$A$2:$A$2000,A56,SCORES!$B$2:$B$2000,B56,SCORES!$C$2:$C$2000,C56,SCORES!$D$2:$D$2000,">=0")>0,SUMIFS(SCORES!$D$2:$D$2000,SCORES!$A$2:$A$2000,A56,SCORES!$B$2:$B$2000,B56,SCORES!$C$2:$C$2000,C56),"") -> 3 | G56: =IF(AND(ISNUMBER(F56),ISNUMBER(D56)),1,0) -> 1 | H56: =IFERROR(INDEX(CHECKS!$F$2:$F$2000,MATCH(C56,CHECKS!$A$2:$A$2000,0))&"","") -> W01 | I56: =IF(H56="","",IF(COUNTIFS(SCORES!$A$2:$A$2000,A56,SCORES!$B$2:$B$2000,B56,SCORES!$C$2:$C$2000,H56,SCORES!$D$2:$D$2000,">=0")>0,SUMIFS(SCORES!$D$2:$D$2000,SCORES!$A$2:$A$2000,A56,SCORES!$B$2:$B$2000,B56,SCORES!$C$2:$C$2000,H56),"")) -> 3 | J56: =IF(AND(ISNUMBER(I56),ISNUMBER(E56)),1,0) -> 1
A57: S09 | B57: C | C57: W02 | D57: 3 | E57: 2 | F57: =IF(COUNTIFS(SCORES!$A$2:$A$2000,A57,SCORES!$B$2:$B$2000,B57,SCORES!$C$2:$C$2000,C57,SCORES!$D$2:$D$2000,">=0")>0,SUMIFS(SCORES!$D$2:$D$2000,SCORES!$A$2:$A$2000,A57,SCORES!$B$2:$B$2000,B57,SCORES!$C$2:$C$2000,C57),"") -> 4 | G57: =IF(AND(ISNUMBER(F57),ISNUMBER(D57)),1,0) -> 1 | H57: =IFERROR(INDEX(CHECKS!$F$2:$F$2000,MATCH(C57,CHECKS!$A$2:$A$2000,0))&"","") -> W01 | I57: =IF(H57="","",IF(COUNTIFS(SCORES!$A$2:$A$2000,A57,SCORES!$B$2:$B$2000,B57,SCORES!$C$2:$C$2000,H57,SCORES!$D$2:$D$2000,">=0")>0,SUMIFS(SCORES!$D$2:$D$2000,SCORES!$A$2:$A$2000,A57,SCORES!$B$2:$B$2000,B57,SCORES!$C$2:$C$2000,H57),"")) -> 3 | J57: =IF(AND(ISNUMBER(I57),ISNUMBER(E57)),1,0) -> 1
A58: S11 | B58: C | C58: W02 | D58: 2 | E58: 1 | F58: =IF(COUNTIFS(SCORES!$A$2:$A$2000,A58,SCORES!$B$2:$B$2000,B58,SCORES!$C$2:$C$2000,C58,SCORES!$D$2:$D$2000,">=0")>0,SUMIFS(SCORES!$D$2:$D$2000,SCORES!$A$2:$A$2000,A58,SCORES!$B$2:$B$2000,B58,SCORES!$C$2:$C$2000,C58),"") -> 5 | G58: =IF(AND(ISNUMBER(F58),ISNUMBER(D58)),1,0) -> 1 | H58: =IFERROR(INDEX(CHECKS!$F$2:$F$2000,MATCH(C58,CHECKS!$A$2:$A$2000,0))&"","") -> W01 | I58: =IF(H58="","",IF(COUNTIFS(SCORES!$A$2:$A$2000,A58,SCORES!$B$2:$B$2000,B58,SCORES!$C$2:$C$2000,H58,SCORES!$D$2:$D$2000,">=0")>0,SUMIFS(SCORES!$D$2:$D$2000,SCORES!$A$2:$A$2000,A58,SCORES!$B$2:$B$2000,B58,SCORES!$C$2:$C$2000,H58),"")) -> 4 | J58: =IF(AND(ISNUMBER(I58),ISNUMBER(E58)),1,0) -> 1
A59: S12 | B59: C | C59: W02 | D59: 3 | E59: 0 | F59: =IF(COUNTIFS(SCORES!$A$2:$A$2000,A59,SCORES!$B$2:$B$2000,B59,SCORES!$C$2:$C$2000,C59,SCORES!$D$2:$D$2000,">=0")>0,SUMIFS(SCORES!$D$2:$D$2000,SCORES!$A$2:$A$2000,A59,SCORES!$B$2:$B$2000,B59,SCORES!$C$2:$C$2000,C59),"") -> 4 | G59: =IF(AND(ISNUMBER(F59),ISNUMBER(D59)),1,0) -> 1 | H59: =IFERROR(INDEX(CHECKS!$F$2:$F$2000,MATCH(C59,CHECKS!$A$2:$A$2000,0))&"","") -> W01 | I59: =IF(H59="","",IF(COUNTIFS(SCORES!$A$2:$A$2000,A59,SCORES!$B$2:$B$2000,B59,SCORES!$C$2:$C$2000,H59,SCORES!$D$2:$D$2000,">=0")>0,SUMIFS(SCORES!$D$2:$D$2000,SCORES!$A$2:$A$2000,A59,SCORES!$B$2:$B$2000,B59,SCORES!$C$2:$C$2000,H59),"")) -> 3 | J59: =IF(AND(ISNUMBER(I59),ISNUMBER(E59)),1,0) -> 1
A60: S13 | B60: C | C60: W02 | D60: 2 | E60: 0 | F60: =IF(COUNTIFS(SCORES!$A$2:$A$2000,A60,SCORES!$B$2:$B$2000,B60,SCORES!$C$2:$C$2000,C60,SCORES!$D$2:$D$2000,">=0")>0,SUMIFS(SCORES!$D$2:$D$2000,SCORES!$A$2:$A$2000,A60,SCORES!$B$2:$B$2000,B60,SCORES!$C$2:$C$2000,C60),"") -> 1 | G60: =IF(AND(ISNUMBER(F60),ISNUMBER(D60)),1,0) -> 1 | H60: =IFERROR(INDEX(CHECKS!$F$2:$F$2000,MATCH(C60,CHECKS!$A$2:$A$2000,0))&"","") -> W01 | I60: =IF(H60="","",IF(COUNTIFS(SCORES!$A$2:$A$2000,A60,SCORES!$B$2:$B$2000,B60,SCORES!$C$2:$C$2000,H60,SCORES!$D$2:$D$2000,">=0")>0,SUMIFS(SCORES!$D$2:$D$2000,SCORES!$A$2:$A$2000,A60,SCORES!$B$2:$B$2000,B60,SCORES!$C$2:$C$2000,H60),"")) -> 1 | J60: =IF(AND(ISNUMBER(I60),ISNUMBER(E60)),1,0) -> 1
... A281: S25 | B281: J | C281: W06 | D281: 3 | E281: 1 | F281: =IF(COUNTIFS(SCORES!$A$2:$A$2000,A281,SCORES!$B$2:$B$2000,B281,SCORES!$C$2:$C$2000,C281,SCORES!$D$2:$D$2000,">=0")>0,SUMIFS(SCORES!$D$2:$D$2000,SCORES!$A$2:$A$2000,A281,SCORES!$B$2:$B$2000,B281,SCORES!$C$2:$C$2000,C281),"") -> 2 | G281: =IF(AND(ISNUMBER(F281),ISNUMBER(D281)),1,0) -> 1 | H281: =IFERROR(INDEX(CHECKS!$F$2:$F$2000,MATCH(C281,CHECKS!$A$2:$A$2000,0))&"","") -> W05 | I281: =IF(H281="","",IF(COUNTIFS(SCORES!$A$2:$A$2000,A281,SCORES!$B$2:$B$2000,B281,SCORES!$C$2:$C$2000,H281,SCORES!$D$2:$D$2000,">=0")>0,SUMIFS(SCORES!$D$2:$D$2000,SCORES!$A$2:$A$2000,A281,SCORES!$B$2:$B$2000,B281,SCORES!$C$2:$C$2000,H281),"")) | J281: =IF(AND(ISNUMBER(I281),ISNUMBER(E281)),1,0) -> 0

Sheet HUDDLE
A1: Date | B1: Check ID | C1: Item that gave the most trouble | D1: Decision (what gets retaught) | E1: In person / Paper
A2: 46328 | B2: W01 | C2: Item 3 | D2: negative divisors - reteach sign rules with number line | E2: In person
A3: 46335 | B3: W02 | C3: Item 5 | D3: setting up the proportion from a word problem | E3: Paper
A4: 46342 | B4: W03 | C4: Item 2 | D4: unit rate with fractions - reteach complex fraction division | E4: In person
A5: 46349 | B5: W04 | C5: Item 4 | D5: identifying constant of proportionality from a table | E5: Paper
A6: 46356 | B6: W05 | C6: Item 1 | D6: percent change direction (increase vs decrease) | E6: In person
A7: 46363 | B7: W06 | C7: Item 5 | D7: simple interest with time in months | E7: Paper

Sheet UNITS
A1: Benchmark | B1: Unit test date | C1: Class % correct on this benchmark's items | D1: Class % correct, whole test | E1: Gap on unit test (pts)
A2: MA.7.NSO.2.1 | B2: 46346 | C2: 0.71 | D2: 0.74 | E2: =(C2-D2)*100 -> -3
A3: MA.7.AR.1.1 | B3: 46346 | C3: 0.66 | D3: 0.74 | E3: =(C3-D3)*100 -> -8
A4: MA.7.AR.1.2 | B4: 46374 | C4: 0.69 | D4: 0.72 | E4: =(C4-D4)*100 -> -3
A5: MA.7.AR.2.1 | B5: 46374 | C5: 0.62 | D5: 0.72 | E5: =(C5-D5)*100 -> -10

Sheet STUDENTS
A1: Code | B1: Teacher | C1: Checks taken | D1: Checks at mastery (4+) | E1: Mastery rate | F1: Flag (<50%)
A2: S01 | B2: C | C2: =COUNTIFS(SCORES!$A$2:$A$2000,A2,SCORES!$B$2:$B$2000,B2,SCORES!$D$2:$D$2000,">=0") -> 8 | D2: =COUNTIFS(SCORES!$A$2:$A$2000,A2,SCORES!$B$2:$B$2000,B2,SCORES!$D$2:$D$2000,">=4") -> 3 | E2: =IF(C2=0,"",D2/C2) -> 0.375 | F2: =IF(C2=0,"",IF(E2<0.5,"FLAG","")) -> FLAG
A3: S02 | B3: C | C3: =COUNTIFS(SCORES!$A$2:$A$2000,A3,SCORES!$B$2:$B$2000,B3,SCORES!$D$2:$D$2000,">=0") -> 6 | D3: =COUNTIFS(SCORES!$A$2:$A$2000,A3,SCORES!$B$2:$B$2000,B3,SCORES!$D$2:$D$2000,">=4") -> 1 | E3: =IF(C3=0,"",D3/C3) -> 0.16666667 | F3: =IF(C3=0,"",IF(E3<0.5,"FLAG","")) -> FLAG
A4: S03 | B4: C | C4: =COUNTIFS(SCORES!$A$2:$A$2000,A4,SCORES!$B$2:$B$2000,B4,SCORES!$D$2:$D$2000,">=0") -> 7 | D4: =COUNTIFS(SCORES!$A$2:$A$2000,A4,SCORES!$B$2:$B$2000,B4,SCORES!$D$2:$D$2000,">=4") -> 3 | E4: =IF(C4=0,"",D4/C4) -> 0.42857143 | F4: =IF(C4=0,"",IF(E4<0.5,"FLAG","")) -> FLAG
A5: S04 | B5: C | C5: =COUNTIFS(SCORES!$A$2:$A$2000,A5,SCORES!$B$2:$B$2000,B5,SCORES!$D$2:$D$2000,">=0") -> 8 | D5: =COUNTIFS(SCORES!$A$2:$A$2000,A5,SCORES!$B$2:$B$2000,B5,SCORES!$D$2:$D$2000,">=4") -> 0 | E5: =IF(C5=0,"",D5/C5) -> 0 | F5: =IF(C5=0,"",IF(E5<0.5,"FLAG","")) -> FLAG
A6: S05 | B6: C | C6: =COUNTIFS(SCORES!$A$2:$A$2000,A6,SCORES!$B$2:$B$2000,B6,SCORES!$D$2:$D$2000,">=0") -> 8 | D6: =COUNTIFS(SCORES!$A$2:$A$2000,A6,SCORES!$B$2:$B$2000,B6,SCORES!$D$2:$D$2000,">=4") -> 2 | E6: =IF(C6=0,"",D6/C6) -> 0.25 | F6: =IF(C6=0,"",IF(E6<0.5,"FLAG","")) -> FLAG
A7: S06 | B7: C | C7: =COUNTIFS(SCORES!$A$2:$A$2000,A7,SCORES!$B$2:$B$2000,B7,SCORES!$D$2:$D$2000,">=0") -> 6 | D7: =COUNTIFS(SCORES!$A$2:$A$2000,A7,SCORES!$B$2:$B$2000,B7,SCORES!$D$2:$D$2000,">=4") -> 3 | E7: =IF(C7=0,"",D7/C7) -> 0.5 | F7: =IF(C7=0,"",IF(E7<0.5,"FLAG",""))
A8: S07 | B8: C | C8: =COUNTIFS(SCORES!$A$2:$A$2000,A8,SCORES!$B$2:$B$2000,B8,SCORES!$D$2:$D$2000,">=0") -> 8 | D8: =COUNTIFS(SCORES!$A$2:$A$2000,A8,SCORES!$B$2:$B$2000,B8,SCORES!$D$2:$D$2000,">=4") -> 7 | E8: =IF(C8=0,"",D8/C8) -> 0.875 | F8: =IF(C8=0,"",IF(E8<0.5,"FLAG",""))
A9: S08 | B9: C | C9: =COUNTIFS(SCORES!$A$2:$A$2000,A9,SCORES!$B$2:$B$2000,B9,SCORES!$D$2:$D$2000,">=0") -> 7 | D9: =COUNTIFS(SCORES!$A$2:$A$2000,A9,SCORES!$B$2:$B$2000,B9,SCORES!$D$2:$D$2000,">=4") -> 2 | E9: =IF(C9=0,"",D9/C9) -> 0.28571429 | F9: =IF(C9=0,"",IF(E9<0.5,"FLAG","")) -> FLAG
A10: S09 | B10: C | C10: =COUNTIFS(SCORES!$A$2:$A$2000,A10,SCORES!$B$2:$B$2000,B10,SCORES!$D$2:$D$2000,">=0") -> 6 | D10: =COUNTIFS(SCORES!$A$2:$A$2000,A10,SCORES!$B$2:$B$2000,B10,SCORES!$D$2:$D$2000,">=4") -> 4 | E10: =IF(C10=0,"",D10/C10) -> 0.66666667 | F10: =IF(C10=0,"",IF(E10<0.5,"FLAG",""))
A11: S10 | B11: C | C11: =COUNTIFS(SCORES!$A$2:$A$2000,A11,SCORES!$B$2:$B$2000,B11,SCORES!$D$2:$D$2000,">=0") -> 7 | D11: =COUNTIFS(SCORES!$A$2:$A$2000,A11,SCORES!$B$2:$B$2000,B11,SCORES!$D$2:$D$2000,">=4") -> 4 | E11: =IF(C11=0,"",D11/C11) -> 0.57142857 | F11: =IF(C11=0,"",IF(E11<0.5,"FLAG",""))
A12: S11 | B12: C | C12: =COUNTIFS(SCORES!$A$2:$A$2000,A12,SCORES!$B$2:$B$2000,B12,SCORES!$D$2:$D$2000,">=0") -> 8 | D12: =COUNTIFS(SCORES!$A$2:$A$2000,A12,SCORES!$B$2:$B$2000,B12,SCORES!$D$2:$D$2000,">=4") -> 4 | E12: =IF(C12=0,"",D12/C12) -> 0.5 | F12: =IF(C12=0,"",IF(E12<0.5,"FLAG",""))
A13: S12 | B13: C | C13: =COUNTIFS(SCORES!$A$2:$A$2000,A13,SCORES!$B$2:$B$2000,B13,SCORES!$D$2:$D$2000,">=0") -> 8 | D13: =COUNTIFS(SCORES!$A$2:$A$2000,A13,SCORES!$B$2:$B$2000,B13,SCORES!$D$2:$D$2000,">=4") -> 1 | E13: =IF(C13=0,"",D13/C13) -> 0.125 | F13: =IF(C13=0,"",IF(E13<0.5,"FLAG","")) -> FLAG
... A51: S25 | B51: J | C51: =COUNTIFS(SCORES!$A$2:$A$2000,A51,SCORES!$B$2:$B$2000,B51,SCORES!$D$2:$D$2000,">=0") -> 7 | D51: =COUNTIFS(SCORES!$A$2:$A$2000,A51,SCORES!$B$2:$B$2000,B51,SCORES!$D$2:$D$2000,">=4") -> 2 | E51: =IF(C51=0,"",D51/C51) -> 0.28571429 | F51: =IF(C51=0,"",IF(E51<0.5,"FLAG","")) -> FLAG
